company,model,forecast_origins,mae,rmse,mape,smape,mase,naive_mae,mae_skill_vs_naive
CSCO,naive,14,353142857.14285713,478377018.0815247,0.0283012935518582,0.0281726627073161,0.8802773058042825,353142857.14285713,0.0
CSCO,arima_110,14,353241053.73740387,491305529.7835328,0.028221824310676,0.0280684492403168,0.8876512930524193,353142857.14285713,-0.000278064790383
CSCO,drift,14,354865613.1213989,490084043.5628899,0.0283651481709748,0.028213384205767,0.891046845661075,353142857.14285713,-0.0048783543081685
CSCO,holt_damped,14,442804161.82775295,590982157.1879853,0.0353256947688186,0.0352884148254096,1.1023529576545197,353142857.14285713,-0.2538952802565819
CSCO,seasonal_naive,14,699571428.5714285,791447769.2359562,0.0573631991693333,0.0574642444597803,1.6429470734658111,353142857.14285713,-0.9809870550161812
DELL,arima_110,21,1802849738.0270572,2706130425.4370203,0.0673004330914399,0.0669638429072199,1.1932687453881554,1980476190.4761903,0.0896887593515699
DELL,drift,21,1829391366.056064,2667677050.7199163,0.0689545755208873,0.0684444785553412,1.2170484906580907,1980476190.4761903,0.0762871198081908
DELL,naive,21,1980476190.4761903,2879026240.804014,0.0717137006934875,0.0730289258659818,1.2804665821506351,1980476190.4761903,0.0
DELL,holt_damped,21,2096359108.2988904,3607675075.373783,0.0757207083960703,0.0771965875773034,1.3632084401010178,1980476190.4761903,-0.0585126538657538
DELL,seasonal_naive,21,3737285714.285714,6314535110.890324,0.1213358515782356,0.1359320417945524,2.170705707232691,1980476190.4761903,-0.8870641981245491
HPE,seasonal_naive,7,434428571.4285714,576323941.6459165,0.0669227329579561,0.0646038509070052,1.672207845830511,444285714.2857143,0.0221864951768488
HPE,naive,7,444285714.2857143,528663003.6503136,0.0672553469032695,0.0666348403447183,1.6333353787693805,444285714.2857143,0.0
HPE,drift,7,463596604.2710791,550268814.2330079,0.0700755721731195,0.0696078432549842,1.7029873160511089,444285714.2857143,-0.0434650256905317
HPE,arima_110,7,466663358.35344696,553009705.5764955,0.0705183687841088,0.0700720122161759,1.7132794012613883,444285714.2857143,-0.05036768761226
HPE,holt_damped,7,472576427.8091849,575375747.4185218,0.0712896328255664,0.0713945704409553,1.7322069880357165,444285714.2857143,-0.063676847158937
NTAP,seasonal_naive,11,35218181.81818182,42804757.59453934,0.0224022279994668,0.0224398099914552,0.3702709956354315,98627272.72727272,0.6429163978246843
NTAP,arima_110,11,89344028.74025908,142983961.94325465,0.0595795259228469,0.0554543498280841,0.992396354458607,98627272.72727272,0.094124512726657
NTAP,drift,11,89685659.45773584,143678036.95981526,0.0598238085454355,0.0556822839943256,0.9967181580886592,98627272.72727272,0.0906606562493371
NTAP,holt_damped,11,98469153.98916449,129846104.20733504,0.064660421949807,0.0613669347987645,1.0727987929741165,98627272.72727272,0.0016031948743577
NTAP,naive,11,98627272.72727272,122911989.94698308,0.0644105523572659,0.0624496876879878,1.0722433652224583,98627272.72727272,0.0
