company,period_end,fiscal_year,fiscal_quarter,revenue,cost_of_revenue,gross_profit,operating_income,net_income,research_and_development,selling_general_and_administrative,gross_margin,operating_margin,previous_period_end,previous_revenue,two_periods_ago_end,three_periods_ago_end,year_ago_period_end,year_ago_revenue,year_ago_fiscal_quarter,revenue_periods_in_ttm,revenue_ttm_candidate,revenue_qoq_growth,revenue_yoy_growth,revenue_ttm
CSCO,2008-10-25,2010,Q4,10331000000.0,3650000000.0,6681000000.0,2482000000.0,2201000000.0,,,0.6466944148678734,0.2402477978898461,,,,,,,,1,10331000000.0,,,
CSCO,2009-01-24,2010,Q4,9089000000.0,3366000000.0,5723000000.0,1773000000.0,1504000000.0,,,0.6296622290681043,0.19507096490262954,2008-10-25,10331000000.0,,,,,,2,19420000000.0,-0.12022069499564414,,
CSCO,2009-04-25,2010,Q4,8162000000.0,2933000000.0,5229000000.0,1607000000.0,1348000000.0,,,0.6406518010291595,0.19688801764273461,2009-01-24,9089000000.0,2008-10-25,,,,,3,27582000000.0,-0.10199141819782154,,
CSCO,2009-07-25,2010,Q4,8535000000.0,,5461000000.0,,1081000000.0,,,0.6398359695371998,,2009-04-25,8162000000.0,2009-01-24,2008-10-25,,,,4,36117000000.0,0.04569958343543257,,36117000000.0
CSCO,2009-10-24,2011,Q4,9021000000.0,3133000000.0,5888000000.0,2124000000.0,1787000000.0,,,0.6526992572885489,0.23545061523112737,2009-07-25,8535000000.0,2009-04-25,2009-01-24,2008-10-25,10331000000.0,Q4,4,34807000000.0,0.05694200351493839,-0.1268028264446811,34807000000.0
CSCO,2010-01-23,2011,Q4,9815000000.0,3483000000.0,6332000000.0,2370000000.0,1853000000.0,,,0.6451349974528783,0.2414671421293938,2009-10-24,9021000000.0,2009-07-25,2009-04-25,2009-01-24,9089000000.0,Q4,4,35533000000.0,0.08801684957321809,0.07987677412256566,35533000000.0
CSCO,2010-05-01,2011,Q4,10368000000.0,3738000000.0,6630000000.0,2345000000.0,2192000000.0,,,0.6394675925925926,0.2261766975308642,2010-01-23,9815000000.0,2009-10-24,2009-07-25,2009-04-25,8162000000.0,Q4,4,37739000000.0,0.05634233316352533,0.2702768929184023,37739000000.0
CSCO,2010-07-31,2011,Q4,10836000000.0,,6793000000.0,,1935000000.0,,,0.6268918420081211,,2010-05-01,10368000000.0,2010-01-23,2009-10-24,2009-07-25,8535000000.0,Q4,4,40040000000.0,0.04513888888888884,0.26959578207381374,40040000000.0
CSCO,2010-10-30,2012,Q1,10750000000.0,3995000000.0,6755000000.0,2351000000.0,1930000000.0,,,0.6283720930232558,0.21869767441860466,2010-07-31,10836000000.0,2010-05-01,2010-01-23,2009-10-24,9021000000.0,Q4,4,41769000000.0,-0.007936507936507908,,41769000000.0
CSCO,2011-01-29,2012,Q2,10407000000.0,4146000000.0,6261000000.0,1684000000.0,1521000000.0,,,0.6016142980686077,0.16181416354376862,2010-10-30,10750000000.0,2010-07-31,2010-05-01,2010-01-23,9815000000.0,Q4,4,42361000000.0,-0.03190697674418608,,42361000000.0
CSCO,2011-04-30,2012,Q3,10866000000.0,4207000000.0,6659000000.0,2183000000.0,1807000000.0,,,0.6128290079145959,0.20090189582182957,2011-01-29,10407000000.0,2010-10-30,2010-07-31,2010-05-01,10368000000.0,Q4,4,42859000000.0,0.044104929374459534,,42859000000.0
CSCO,2011-07-30,2011,Q4,11195000000.0,,6861000000.0,,1232000000.0,,,0.6128628852166146,,2011-04-30,10866000000.0,2011-01-29,2010-10-30,2010-07-31,10836000000.0,Q4,4,43218000000.0,0.030277931161420968,0.033130306386120356,43218000000.0
CSCO,2011-10-29,2013,Q1,11256000000.0,4366000000.0,6890000000.0,2210000000.0,1777000000.0,,,0.6121179815209666,0.19633972992181947,2011-07-30,11195000000.0,2011-04-30,2011-01-29,2010-10-30,10750000000.0,Q1,4,43724000000.0,0.005448861098704683,0.04706976744186053,43724000000.0
CSCO,2012-01-28,2013,Q2,11527000000.0,4462000000.0,7065000000.0,2734000000.0,2182000000.0,,,0.6129088227639455,0.23718226771926781,2011-10-29,11256000000.0,2011-07-30,2011-04-30,2011-01-29,10407000000.0,Q2,4,44844000000.0,0.02407604832977972,0.1076198712405112,44844000000.0
CSCO,2012-04-28,2013,Q3,11588000000.0,4419000000.0,7169000000.0,2750000000.0,2165000000.0,,,0.6186572316189162,0.23731446323783223,2012-01-28,11527000000.0,2011-10-29,2011-07-30,2011-04-30,10866000000.0,Q3,4,45566000000.0,0.0052919233104884444,0.06644579422050434,45566000000.0
CSCO,2012-10-27,2014,Q1,11876000000.0,4637000000.0,7239000000.0,2651000000.0,2092000000.0,,,0.6095486695857191,0.22322330751094643,2012-04-28,11588000000.0,2012-01-28,2011-10-29,2011-07-30,11195000000.0,Q4,4,46247000000.0,,,
CSCO,2013-01-26,2014,Q2,12098000000.0,4755000000.0,7343000000.0,2789000000.0,3143000000.0,,,0.6069598280707555,0.2305339725574475,2012-10-27,11876000000.0,2012-04-28,2012-01-28,2011-10-29,11256000000.0,Q1,4,47089000000.0,0.01869316268103738,,
CSCO,2013-04-27,2014,Q3,12216000000.0,4705000000.0,7511000000.0,2942000000.0,2478000000.0,,,0.614849377865095,0.2408316961362148,2013-01-26,12098000000.0,2012-10-27,2012-04-28,2012-01-28,11527000000.0,Q2,4,47778000000.0,0.009753678293932921,,
CSCO,2013-10-26,2015,Q1,12085000000.0,4678000000.0,7407000000.0,2455000000.0,1996000000.0,1724000000.0,,0.6129085643359536,0.20314439387670666,2013-04-27,12216000000.0,2013-01-26,2012-10-27,2012-04-28,11588000000.0,Q3,4,48275000000.0,,,
CSCO,2014-01-25,2015,Q2,11155000000.0,5204000000.0,5951000000.0,1667000000.0,1429000000.0,1412000000.0,,0.5334827431645002,0.14943971313312415,2013-10-26,12085000000.0,2013-04-27,2013-01-26,2012-10-27,11876000000.0,Q1,4,47554000000.0,-0.07695490277203143,,
CSCO,2014-04-26,2015,Q3,11545000000.0,4539000000.0,7006000000.0,2542000000.0,2181000000.0,1565000000.0,,0.6068427890861845,0.22018189692507578,2014-01-25,11155000000.0,2013-10-26,2013-04-27,2013-01-26,12098000000.0,Q2,4,47001000000.0,0.03496190049305237,,
CSCO,2014-10-25,2016,Q1,12245000000.0,4912000000.0,7333000000.0,2342000000.0,1828000000.0,1583000000.0,,0.598856676194365,0.1912617394855043,2014-04-26,11545000000.0,2014-01-25,2013-10-26,2013-04-27,12216000000.0,Q3,4,47030000000.0,,,
CSCO,2015-01-24,2016,Q2,11936000000.0,4846000000.0,7090000000.0,2622000000.0,2397000000.0,1529000000.0,,0.5940013404825737,0.219671581769437,2014-10-25,12245000000.0,2014-04-26,2014-01-25,2013-10-26,12085000000.0,Q1,4,46881000000.0,-0.025234789710085748,,
CSCO,2015-04-25,2016,Q3,12137000000.0,4612000000.0,7525000000.0,2925000000.0,2437000000.0,1547000000.0,,0.6200049435610118,0.24099859932438,2015-01-24,11936000000.0,2014-10-25,2014-04-26,2014-01-25,11155000000.0,Q2,4,47863000000.0,0.016839812332439585,,
CSCO,2015-10-24,2017,Q4,12682000000.0,4850000000.0,7832000000.0,3079000000.0,2430000000.0,1560000000.0,,0.6175682069074279,0.24278504967670714,2015-04-25,12137000000.0,2015-01-24,2014-10-25,2014-04-26,11545000000.0,Q3,4,49000000000.0,,,
CSCO,2016-01-23,2017,Q4,11927000000.0,4495000000.0,7432000000.0,3294000000.0,3147000000.0,1509000000.0,,0.6231240043598558,0.27618009558145384,2015-10-24,12682000000.0,2015-04-25,2015-01-24,2014-10-25,12245000000.0,Q1,4,48682000000.0,-0.05953319665667878,,
CSCO,2016-04-30,2017,Q4,12000000000.0,4279000000.0,7721000000.0,2984000000.0,2349000000.0,1626000000.0,,0.6434166666666666,0.24866666666666667,2016-01-23,11927000000.0,2015-10-24,2015-04-25,2015-01-24,11936000000.0,Q2,4,48746000000.0,0.006120566781252723,,
CSCO,2016-07-30,2017,Q4,12638000000.0,,7975000000.0,3303000000.0,2813000000.0,,,0.6310333913593923,0.26135464472226616,2016-04-30,12000000000.0,2016-01-23,2015-10-24,2015-04-25,12137000000.0,Q3,4,49247000000.0,0.053166666666666584,,49247000000.0
CSCO,2016-10-29,2018,Q4,12352000000.0,4468000000.0,7884000000.0,2877000000.0,2322000000.0,1545000000.0,,0.6382772020725389,0.23291774611398963,2016-07-30,12638000000.0,2016-04-30,2016-01-23,2015-10-24,12682000000.0,Q4,4,48917000000.0,-0.022630163000474712,-0.026021132313515216,48917000000.0
CSCO,2017-01-28,2018,Q4,11580000000.0,4304000000.0,7276000000.0,2893000000.0,2348000000.0,1508000000.0,,0.6283246977547495,0.2498272884283247,2016-10-29,12352000000.0,2016-07-30,2016-04-30,2016-01-23,11927000000.0,Q4,4,48570000000.0,-0.0625,-0.02909365305609124,48570000000.0
CSCO,2017-04-29,2018,Q4,11940000000.0,4422000000.0,7518000000.0,3169000000.0,2515000000.0,1507000000.0,,0.6296482412060301,0.2654103852596315,2017-01-28,11580000000.0,2016-10-29,2016-07-30,2016-04-30,12000000000.0,Q4,4,48510000000.0,0.031088082901554515,-0.0050000000000000044,48510000000.0
CSCO,2017-07-29,2018,Q4,12133000000.0,,7546000000.0,3034000000.0,2424000000.0,,,0.6219401631912964,0.2500618148850243,2017-04-29,11940000000.0,2017-01-28,2016-10-29,2016-07-30,12638000000.0,Q4,4,48005000000.0,0.016164154103852635,-0.03995885424909007,48005000000.0
CSCO,2017-10-28,2019,Q4,12136000000.0,4709000000.0,7427000000.0,2756000000.0,2394000000.0,1567000000.0,,0.6119808833223468,0.22709294660514173,2017-07-29,12133000000.0,2017-04-29,2017-01-28,2016-10-29,12352000000.0,Q4,4,47789000000.0,0.0002472595400972999,-0.017487046632124303,47789000000.0
CSCO,2018-01-27,2019,Q4,11887000000.0,4389000000.0,7498000000.0,3073000000.0,-8778000000.0,1549000000.0,,0.6307731134853201,0.25851770842096405,2017-10-28,12136000000.0,2017-07-29,2017-04-29,2017-01-28,11580000000.0,Q4,4,48096000000.0,-0.02051746868820037,0.02651122625215896,48096000000.0
CSCO,2018-04-28,2019,Q4,12463000000.0,4704000000.0,7759000000.0,3134000000.0,2691000000.0,1590000000.0,,0.6225627858461045,0.25146433442991256,2018-01-27,11887000000.0,2017-10-28,2017-07-29,2017-04-29,11940000000.0,Q4,4,48619000000.0,0.04845629679481789,0.04380234505862646,48619000000.0
CSCO,2018-07-28,2019,Q4,12844000000.0,,7922000000.0,3346000000.0,3803000000.0,,,0.616786047960137,0.26051074431641236,2018-04-28,12463000000.0,2018-01-27,2017-10-28,2017-07-29,12133000000.0,Q4,4,49330000000.0,0.030570488646393335,0.05860051100304964,49330000000.0
CSCO,2018-10-27,2020,Q4,13072000000.0,4926000000.0,8146000000.0,3805000000.0,3549000000.0,1608000000.0,,0.6231640146878825,0.2910801713586291,2018-07-28,12844000000.0,2018-04-28,2018-01-27,2017-10-28,12136000000.0,Q4,4,50266000000.0,0.01775147928994092,0.07712590639419914,50266000000.0
CSCO,2019-01-26,2020,Q4,12446000000.0,4673000000.0,7773000000.0,3211000000.0,2822000000.0,1557000000.0,,0.6245380041780492,0.2579945363972361,2018-10-27,13072000000.0,2018-07-28,2018-04-28,2018-01-27,11887000000.0,Q4,4,50825000000.0,-0.04788861689106483,0.04702616303524865,50825000000.0
CSCO,2019-04-27,2020,Q4,12958000000.0,4785000000.0,8173000000.0,3513000000.0,3044000000.0,1659000000.0,,0.6307300509337861,0.27110665226115144,2019-01-26,12446000000.0,2018-10-27,2018-07-28,2018-04-28,12463000000.0,Q4,4,51320000000.0,0.041137714928491054,0.03971756398940873,51320000000.0
CSCO,2019-07-27,2020,Q4,13428000000.0,,8574000000.0,3690000000.0,2206000000.0,,,0.6385165326184093,0.27479892761394104,2019-04-27,12958000000.0,2019-01-26,2018-10-27,2018-07-28,12844000000.0,Q4,4,51904000000.0,0.03627102947985805,0.0454687013391466,51904000000.0
CSCO,2019-10-26,2021,Q1,13159000000.0,4695000000.0,8464000000.0,3579000000.0,2926000000.0,1666000000.0,,0.6432099703624895,0.27198115358309904,2019-07-27,13428000000.0,2019-04-27,2019-01-26,2018-10-27,13072000000.0,Q4,4,51991000000.0,-0.02003276735180215,,51991000000.0
CSCO,2020-01-25,2021,Q2,12005000000.0,4241000000.0,7764000000.0,3380000000.0,2878000000.0,1570000000.0,,0.6467305289462724,0.2815493544356518,2019-10-26,13159000000.0,2019-07-27,2019-04-27,2019-01-26,12446000000.0,Q4,4,51550000000.0,-0.08769663348278744,,51550000000.0
CSCO,2020-04-25,2021,Q3,11983000000.0,4212000000.0,7771000000.0,3414000000.0,2774000000.0,1546000000.0,,0.6485020445631311,0.2849036134523909,2020-01-25,12005000000.0,2019-10-26,2019-07-27,2019-04-27,12958000000.0,Q4,4,50575000000.0,-0.0018325697625989346,,50575000000.0
CSCO,2020-07-25,2020,Q4,12154000000.0,,7684000000.0,3247000000.0,2636000000.0,,,0.6322198453184137,0.26715484614118806,2020-04-25,11983000000.0,2020-01-25,2019-10-26,2019-07-27,13428000000.0,Q4,4,49301000000.0,0.014270216139530945,-0.09487637771820079,49301000000.0
CSCO,2020-10-24,2022,Q1,11929000000.0,4348000000.0,7581000000.0,2570000000.0,2174000000.0,1612000000.0,,0.6355101014334814,0.2154413613882136,2020-07-25,12154000000.0,2020-04-25,2020-01-25,2019-10-26,13159000000.0,Q1,4,48071000000.0,-0.01851242389336849,-0.09347214833953943,48071000000.0
CSCO,2021-01-23,2022,Q2,11960000000.0,4176000000.0,7784000000.0,3223000000.0,2545000000.0,1527000000.0,,0.6508361204013378,0.26948160535117055,2020-10-24,11929000000.0,2020-07-25,2020-04-25,2020-01-25,12005000000.0,Q2,4,48026000000.0,0.002598709028418078,-0.0037484381507705278,48026000000.0
CSCO,2021-05-01,2022,Q3,12803000000.0,4618000000.0,8185000000.0,3465000000.0,2863000000.0,1697000000.0,,0.6393032882918066,0.2706396938217605,2021-01-23,11960000000.0,2020-10-24,2020-07-25,2020-04-25,11983000000.0,Q3,4,48846000000.0,0.07048494983277598,0.06843027622465159,48846000000.0
CSCO,2021-10-30,2023,Q1,12900000000.0,4847000000.0,8053000000.0,3438000000.0,2980000000.0,1714000000.0,,0.6242635658914729,0.26651162790697674,2021-05-01,12803000000.0,2021-01-23,2020-10-24,2020-07-25,12154000000.0,Q4,4,49592000000.0,,,
CSCO,2022-01-29,2023,Q2,12720000000.0,4671000000.0,8049000000.0,3487000000.0,2973000000.0,1670000000.0,,0.6327830188679245,0.27413522012578617,2021-10-30,12900000000.0,2021-05-01,2021-01-23,2020-10-24,11929000000.0,Q1,4,50383000000.0,-0.013953488372092981,,
CSCO,2022-04-30,2023,Q3,12835000000.0,4714000000.0,8121000000.0,3610000000.0,3044000000.0,1708000000.0,,0.632723022984028,0.28126217374366963,2022-01-29,12720000000.0,2021-10-30,2021-05-01,2021-01-23,11960000000.0,Q2,4,51258000000.0,0.009040880503144555,,
CSCO,2022-10-29,2024,Q1,13632000000.0,5286000000.0,8346000000.0,3540000000.0,2670000000.0,1781000000.0,,0.6122359154929577,0.2596830985915493,2022-04-30,12835000000.0,2022-01-29,2021-10-30,2021-05-01,12803000000.0,Q3,4,52087000000.0,,,
CSCO,2023-01-28,2024,Q2,13592000000.0,5165000000.0,8427000000.0,3292000000.0,2773000000.0,1855000000.0,,0.6199970570924073,0.24220129487934078,2022-10-29,13632000000.0,2022-04-30,2022-01-29,2021-10-30,12900000000.0,Q1,4,52779000000.0,-0.002934272300469498,,
CSCO,2023-04-29,2024,Q3,14571000000.0,5339000000.0,9232000000.0,3946000000.0,3212000000.0,1962000000.0,,0.6335872623704619,0.27081188662411637,2023-01-28,13592000000.0,2022-10-29,2022-04-30,2022-01-29,12720000000.0,Q2,4,54630000000.0,0.07202766333137145,,
CSCO,2023-10-28,2025,Q1,14668000000.0,5111000000.0,9557000000.0,4276000000.0,3638000000.0,1913000000.0,,0.6515544041450777,0.2915189528224707,2023-04-29,14571000000.0,2023-01-28,2022-10-29,2022-04-30,12835000000.0,Q3,4,56463000000.0,,,
CSCO,2024-01-27,2025,Q2,12791000000.0,4574000000.0,8217000000.0,3096000000.0,2634000000.0,1943000000.0,,0.6424048158861699,0.24204518802282854,2023-10-28,14668000000.0,2023-04-29,2023-01-28,2022-10-29,13632000000.0,Q1,4,55622000000.0,-0.12796563948731932,,
CSCO,2024-04-27,2025,Q3,12702000000.0,4429000000.0,8273000000.0,2191000000.0,1886000000.0,1948000000.0,,0.6513147535821131,0.17249252086285624,2024-01-27,12791000000.0,2023-10-28,2023-04-29,2023-01-28,13592000000.0,Q2,4,54732000000.0,-0.006958017355953361,,
CSCO,2024-10-26,2026,Q1,13841000000.0,4720000000.0,9121000000.0,2358000000.0,2711000000.0,2286000000.0,,0.6589841774438263,0.17036341304819017,2024-04-27,12702000000.0,2024-01-27,2023-10-28,2023-04-29,14571000000.0,Q3,4,54002000000.0,,,
CSCO,2025-01-25,2026,Q2,13991000000.0,4880000000.0,9111000000.0,3113000000.0,2428000000.0,2299000000.0,,0.6512043456507755,0.22250017868629834,2024-10-26,13841000000.0,2024-04-27,2024-01-27,2023-10-28,14668000000.0,Q1,4,53325000000.0,0.010837367242251261,,
CSCO,2025-04-26,2026,Q3,14149000000.0,4871000000.0,9278000000.0,3202000000.0,2491000000.0,2335000000.0,,0.6557353876599052,0.22630574598911585,2025-01-25,13991000000.0,2024-10-26,2024-04-27,2024-01-27,12791000000.0,Q2,4,54683000000.0,0.011292974054749383,,
CSCO,2025-07-26,2026,Q4,14673000000.0,5393000000.0,9280000000.0,3087000000.0,2550000000.0,2380000000.0,,0.6324541675185715,0.21038642404416275,2025-04-26,14149000000.0,2025-01-25,2024-10-26,2024-04-27,12702000000.0,Q3,4,56654000000.0,0.03703441939359675,,56654000000.0
CSCO,2025-10-25,2026,Q1,14883000000.0,5138000000.0,9745000000.0,3363000000.0,2860000000.0,2400000000.0,,0.654773903110932,0.22596250755895989,2025-07-26,14673000000.0,2025-04-26,2025-01-25,2024-10-26,13841000000.0,Q1,4,57696000000.0,0.014312001635657268,0.07528357777617223,57696000000.0
CSCO,2026-01-24,2026,Q2,15349000000.0,5377000000.0,9972000000.0,3781000000.0,3175000000.0,2355000000.0,,0.6496840185028341,0.2463352661411167,2025-10-25,14883000000.0,2025-07-26,2025-04-26,2025-01-25,13991000000.0,Q2,4,59054000000.0,0.03131089162131295,0.09706239725537835,59054000000.0
CSCO,2026-04-25,2026,Q3,15841000000.0,5761000000.0,10080000000.0,3960000000.0,3373000000.0,2377000000.0,,0.6363234644277508,0.24998421816804495,2026-01-24,15349000000.0,2025-10-25,2025-07-26,2025-04-26,14149000000.0,Q3,4,60746000000.0,0.03205420548569937,0.11958442292741545,60746000000.0
CSCO,2026-07-25,2026,Q4,17252000000.0,6189000000.0,11063000000.0,4264000000.0,3859000000.0,2431000000.0,,0.6412589844655692,0.24715974959424994,2026-04-25,15841000000.0,2026-01-24,2025-10-25,2025-07-26,14673000000.0,Q4,4,63325000000.0,0.08907265955432098,0.17576501056362015,63325000000.0
DELL,2015-05-01,2017,Q4,12552000000.0,10709000000.0,1915000000.0,-335000000.0,-504000000.0,325000000.0,2139000000.0,0.1525653282345443,-0.02668897386870618,,,,,,,,1,12552000000.0,,,
DELL,2015-07-31,2017,Q4,13006000000.0,10896000000.0,2086000000.0,-103000000.0,-265000000.0,250000000.0,1932000000.0,0.1603875134553283,-0.007919421805320622,2015-05-01,12552000000.0,,,,,,2,25558000000.0,0.03616953473550022,,
DELL,2015-10-30,2017,Q4,12674000000.0,10542000000.0,2132000000.0,-78000000.0,-180000000.0,267000000.0,1943000000.0,0.1682183998737573,-0.0061543317026984375,2015-07-31,13006000000.0,2015-05-01,,,,,3,38232000000.0,-0.025526679993848944,,
DELL,2016-01-29,2017,Q4,12679000000.0,,2254000000.0,,-155000000.0,,,0.1777742724189605,,2015-10-30,12674000000.0,2015-07-31,2015-05-01,,,,4,50911000000.0,0.0003945084424805678,,50911000000.0
DELL,2016-04-29,2018,Q4,12241000000.0,10048000000.0,2193000000.0,-139000000.0,55000000.0,264000000.0,2068000000.0,0.17915203006290337,-0.011355281431255616,2016-01-29,12679000000.0,2015-10-30,2015-07-31,2015-05-01,12552000000.0,Q4,4,50600000000.0,-0.03454531114441206,-0.024776927979604846,50600000000.0
DELL,2016-07-29,2018,Q4,13080000000.0,10744000000.0,2336000000.0,67000000.0,573000000.0,246000000.0,2023000000.0,0.17859327217125381,0.0051223241590214064,2016-04-29,12241000000.0,2016-01-29,2015-10-30,2015-07-31,13006000000.0,Q4,4,50674000000.0,0.06854015194837015,0.00568968168537598,50674000000.0
DELL,2016-10-28,2018,Q4,16247000000.0,12348000000.0,3899000000.0,-1512000000.0,-2064000000.0,855000000.0,4556000000.0,0.23998276604911675,-0.09306333476949591,2016-07-29,13080000000.0,2016-04-29,2016-01-29,2015-10-30,12674000000.0,Q4,4,54247000000.0,0.24212538226299696,0.28191573299668615,54247000000.0
DELL,2017-02-03,2018,Q4,20074000000.0,,4531000000.0,,-236000000.0,,,0.22571485503636546,,2016-10-28,16247000000.0,2016-07-29,2016-04-29,2016-01-29,12679000000.0,Q4,4,61642000000.0,0.23555117867914066,0.5832478902121618,61642000000.0
DELL,2017-05-05,2019,Q4,18000000000.0,13543000000.0,4457000000.0,-1272000000.0,-1171000000.0,1133000000.0,4596000000.0,0.24761111111111112,-0.07066666666666667,2017-02-03,20074000000.0,2016-10-28,2016-07-29,2016-04-29,12241000000.0,Q4,4,67401000000.0,-0.10331772441964726,0.47046809901151865,67401000000.0
DELL,2017-08-04,2019,Q4,19521000000.0,14553000000.0,4968000000.0,-665000000.0,-732000000.0,1093000000.0,4540000000.0,0.2544951590594744,-0.03406587777265509,2017-05-05,18000000000.0,2017-02-03,2016-10-28,2016-07-29,13080000000.0,Q4,4,73842000000.0,0.08450000000000002,0.49243119266055047,73842000000.0
DELL,2017-11-03,2019,Q4,19556000000.0,14336000000.0,5220000000.0,-410000000.0,-846000000.0,1071000000.0,4559000000.0,0.26692575168746163,-0.02096543260380446,2017-08-04,19521000000.0,2017-05-05,2017-02-03,2016-10-28,16247000000.0,Q4,4,77151000000.0,0.0017929409354029424,0.2036683695451469,77151000000.0
DELL,2018-02-02,2019,Q4,21963000000.0,,5892000000.0,,-100000000.0,,,0.2682693621090015,,2017-11-03,19556000000.0,2017-08-04,2017-05-05,2017-02-03,20074000000.0,Q4,4,79040000000.0,0.12308242994477392,0.09410182325396033,79040000000.0
DELL,2018-05-04,2020,Q4,21356000000.0,15478000000.0,5878000000.0,-153000000.0,-636000000.0,1087000000.0,4944000000.0,0.27523880876568646,-0.0071642629705937445,2018-02-02,21963000000.0,2017-11-03,2017-08-04,2017-05-05,18000000000.0,Q4,4,82396000000.0,-0.027637390156171726,0.1864444444444444,82396000000.0
DELL,2018-08-03,2020,Q4,22942000000.0,16819000000.0,6123000000.0,-13000000.0,-499000000.0,1175000000.0,4961000000.0,0.2668904193182809,-0.00056664632551652,2018-05-04,21356000000.0,2018-02-02,2017-11-03,2017-08-04,19521000000.0,Q4,4,85817000000.0,0.07426484360367103,0.17524716971466625,85817000000.0
DELL,2018-11-02,2020,Q4,22482000000.0,16539000000.0,5943000000.0,-356000000.0,-876000000.0,1140000000.0,5159000000.0,0.2643448091806779,-0.015834890134329687,2018-08-03,22942000000.0,2018-05-04,2018-02-02,2017-11-03,19556000000.0,Q4,4,88743000000.0,-0.02005056228750768,0.14962159950910214,88743000000.0
DELL,2019-02-01,2020,Q4,23841000000.0,,7109000000.0,,-299000000.0,,,0.2981838010150581,,2018-11-02,22482000000.0,2018-08-03,2018-05-04,2018-02-02,21963000000.0,Q4,4,90621000000.0,0.06044835868694953,0.08550744433820512,90621000000.0
DELL,2019-05-03,2021,Q1,21908000000.0,15111000000.0,6797000000.0,550000000.0,293000000.0,1176000000.0,5071000000.0,0.3102519627533321,0.025104984480555047,2019-02-01,23841000000.0,2018-11-02,2018-08-03,2018-05-04,21356000000.0,Q4,4,91173000000.0,-0.08107881380814563,,91173000000.0
DELL,2019-08-02,2021,Q2,23370000000.0,16044000000.0,7326000000.0,519000000.0,3416000000.0,1229000000.0,5578000000.0,0.3134788189987163,0.02220795892169448,2019-05-03,21908000000.0,2019-02-01,2018-11-02,2018-08-03,22942000000.0,Q4,4,91601000000.0,0.06673361329194805,,91601000000.0
DELL,2019-11-01,2021,Q3,22844000000.0,15718000000.0,7126000000.0,836000000.0,499000000.0,1262000000.0,5028000000.0,0.31194186657327966,0.036596042724566624,2019-08-02,23370000000.0,2019-05-03,2019-02-01,2018-11-02,22482000000.0,Q4,4,91963000000.0,-0.02250748823277704,,91963000000.0
DELL,2020-01-31,2020,Q4,24032000000.0,,7684000000.0,,408000000.0,,,0.3197403462050599,,2019-11-01,22844000000.0,2019-08-02,2019-05-03,2019-02-01,23841000000.0,Q4,4,92154000000.0,0.05200490281912096,0.008011408917411256,92154000000.0
DELL,2020-05-01,2022,Q4,20078000000.0,15044000000.0,4715000000.0,702000000.0,143000000.0,1265000000.0,4886000000.0,0.23483414682737325,0.03496364179699173,2020-01-31,24032000000.0,2019-11-01,2019-08-02,2019-05-03,21908000000.0,Q1,4,90324000000.0,-0.16453062583222366,,90324000000.0
DELL,2020-07-31,2022,Q4,20853000000.0,15577000000.0,4877000000.0,1136000000.0,1048000000.0,1259000000.0,4761000000.0,0.23387522179062964,0.05447657411403635,2020-05-01,20078000000.0,2020-01-31,2019-11-01,2019-08-02,23370000000.0,Q2,4,87807000000.0,0.038599462097818504,,87807000000.0
DELL,2020-10-30,2022,Q4,21589000000.0,16221000000.0,5024000000.0,1129000000.0,832000000.0,1360000000.0,4772000000.0,0.23271110287646488,0.052295150308027234,2020-07-31,20853000000.0,2020-05-01,2020-01-31,2019-11-01,22844000000.0,Q3,4,86552000000.0,0.03529468182036166,,86552000000.0
DELL,2021-01-29,2022,Q4,24150000000.0,,5524000000.0,,1227000000.0,,,0.22873706004140787,,2020-10-30,21589000000.0,2020-07-31,2020-05-01,2020-01-31,24032000000.0,Q4,4,86670000000.0,0.11862522580944002,0.004910119840213056,86670000000.0
DELL,2021-04-30,2023,Q1,22590000000.0,17326000000.0,5264000000.0,987000000.0,887000000.0,619000000.0,3658000000.0,0.23302346170872068,0.04369189907038513,2021-01-29,24150000000.0,2020-10-30,2020-07-31,2020-05-01,20078000000.0,Q4,4,89182000000.0,-0.06459627329192552,,89182000000.0
DELL,2021-07-30,2023,Q2,24191000000.0,18716000000.0,5475000000.0,1017000000.0,831000000.0,697000000.0,3761000000.0,0.22632383944442147,0.04204042825844322,2021-04-30,22590000000.0,2021-01-29,2020-10-30,2020-07-31,20853000000.0,Q4,4,92520000000.0,0.07087206728640982,,92520000000.0
DELL,2021-10-29,2023,Q3,26424000000.0,20890000000.0,5534000000.0,1046000000.0,3843000000.0,650000000.0,3838000000.0,0.2094308204662428,0.039585225552528004,2021-07-30,24191000000.0,2021-04-30,2021-01-29,2020-10-30,21589000000.0,Q4,4,97355000000.0,0.09230705634326819,,97355000000.0
DELL,2022-01-28,2022,Q4,27992000000.0,,5618000000.0,,2000000.0,,,0.2007002000571592,,2021-10-29,26424000000.0,2021-07-30,2021-04-30,2021-01-29,24150000000.0,Q4,4,101197000000.0,0.05933999394489864,0.15908902691511395,101197000000.0
DELL,2022-04-29,2024,Q4,26116000000.0,20332000000.0,5784000000.0,1550000000.0,1072000000.0,681000000.0,3553000000.0,0.22147342625210598,0.059350589676826465,2022-01-28,27992000000.0,2021-10-29,2021-07-30,2021-04-30,22590000000.0,Q1,4,104723000000.0,-0.06701914832809375,,104723000000.0
DELL,2022-07-29,2024,Q4,26425000000.0,20986000000.0,5439000000.0,1270000000.0,511000000.0,626000000.0,3543000000.0,0.20582781456953642,0.04806054872280038,2022-04-29,26116000000.0,2022-01-28,2021-10-29,2021-07-30,24191000000.0,Q2,4,106957000000.0,0.01183182723234788,,106957000000.0
DELL,2022-10-28,2024,Q3,24721000000.0,19014000000.0,5707000000.0,1762000000.0,245000000.0,677000000.0,3268000000.0,0.23085635694348935,0.07127543384167308,2022-07-29,26425000000.0,2022-04-29,2022-01-28,2021-10-29,26424000000.0,Q3,4,105254000000.0,-0.064484389782403,-0.06444898577051161,105254000000.0
DELL,2023-05-05,2025,Q4,20922000000.0,15842000000.0,5080000000.0,1131000000.0,637000000.0,688000000.0,3261000000.0,0.24280661504636267,0.05405792945225122,2022-10-28,24721000000.0,2022-07-29,2022-04-29,2022-01-28,27992000000.0,Q4,4,98184000000.0,,,
DELL,2023-08-04,2025,Q4,22934000000.0,17518000000.0,5416000000.0,1194000000.0,489000000.0,705000000.0,3517000000.0,0.23615592569983432,0.05206244004534752,2023-05-05,20922000000.0,2022-10-28,2022-07-29,2022-04-29,26116000000.0,Q4,4,95002000000.0,0.09616671446324454,,
DELL,2023-11-03,2025,Q4,22251000000.0,17050000000.0,5201000000.0,1539000000.0,1052000000.0,692000000.0,2970000000.0,0.2337423037166869,0.06916543076715653,2023-08-04,22934000000.0,2023-05-05,2022-10-28,2022-07-29,26425000000.0,Q4,4,90828000000.0,-0.029781111014214656,,
DELL,2024-02-02,2025,Q4,22318000000.0,16946000000.0,5372000000.0,1547000000.0,1210000000.0,,,0.24070257191504615,0.06931624697553544,2023-11-03,22251000000.0,2023-08-04,2023-05-05,2022-10-28,24721000000.0,Q3,4,88425000000.0,0.003011100624691121,,88425000000.0
DELL,2024-05-03,2026,Q1,22244000000.0,17393000000.0,4851000000.0,965000000.0,997000000.0,763000000.0,3123000000.0,0.21808128034526164,0.04338248516453875,2024-02-02,22318000000.0,2023-11-03,2023-08-04,2023-05-05,20922000000.0,Q4,4,89747000000.0,-0.003315709292947444,,89747000000.0
DELL,2024-08-02,2026,Q2,25026000000.0,19665000000.0,5361000000.0,1392000000.0,887000000.0,780000000.0,3189000000.0,0.21421721409733877,0.05562215296092064,2024-05-03,22244000000.0,2024-02-02,2023-11-03,2023-08-04,22934000000.0,Q4,4,91839000000.0,0.1250674339147635,,91839000000.0
DELL,2024-11-01,2026,Q3,24366000000.0,19006000000.0,5360000000.0,1721000000.0,1175000000.0,745000000.0,2894000000.0,0.21997865878683412,0.07063120742017566,2024-08-02,25026000000.0,2024-05-03,2024-02-02,2023-11-03,22251000000.0,Q4,4,93954000000.0,-0.026372572524574478,,93954000000.0
DELL,2025-01-31,2026,Q4,23931000000.0,18253000000.0,5678000000.0,2159000000.0,1533000000.0,773000000.0,2746000000.0,0.23726547156408007,0.09021770924741966,2024-11-01,24366000000.0,2024-08-02,2024-05-03,2024-02-02,22318000000.0,Q4,4,95567000000.0,-0.017852745629155398,0.07227350120978593,95567000000.0
DELL,2025-05-02,2027,Q1,23378000000.0,18441000000.0,4937000000.0,1165000000.0,965000000.0,808000000.0,2964000000.0,0.2111814526477885,0.04983317649071777,2025-01-31,23931000000.0,2024-11-01,2024-08-02,2024-05-03,22244000000.0,Q1,4,96701000000.0,-0.02310810246124273,0.050980039561230095,96701000000.0
DELL,2025-08-01,2027,Q2,29776000000.0,24329000000.0,5447000000.0,1773000000.0,1164000000.0,785000000.0,2889000000.0,0.1829325631380978,0.059544599677592694,2025-05-02,23378000000.0,2025-01-31,2024-11-01,2024-08-02,25026000000.0,Q2,4,101451000000.0,0.27367610574043977,0.18980260529049797,101451000000.0
DELL,2025-10-31,2026,Q3,27005000000.0,21412000000.0,5593000000.0,2119000000.0,1548000000.0,752000000.0,2722000000.0,0.20710979448250325,0.07846695056471024,2025-08-01,29776000000.0,2025-05-02,2025-01-31,2024-11-01,24366000000.0,Q3,4,104090000000.0,-0.0930615260612574,0.10830665681687601,104090000000.0
DELL,2026-01-30,2026,Q4,33379000000.0,26649000000.0,6730000000.0,3092000000.0,2259000000.0,797000000.0,2841000000.0,0.2016237754276641,0.09263309266305161,2025-10-31,27005000000.0,2025-08-01,2025-05-02,2025-01-31,23931000000.0,Q4,4,113538000000.0,0.23603036474726902,0.39480172161631355,113538000000.0
DELL,2026-05-01,2027,Q1,43842000000.0,36060000000.0,7782000000.0,3656000000.0,3438000000.0,983000000.0,3143000000.0,0.1775010264130286,0.08339035627936682,2026-01-30,33379000000.0,2025-10-31,2025-08-01,2025-05-02,23378000000.0,Q1,4,134002000000.0,0.3134605590341233,0.8753528958850201,134002000000.0
DELL,2026-07-31,2027,Q2,46971000000.0,37141000000.0,9830000000.0,5385000000.0,4133000000.0,1109000000.0,3336000000.0,0.20927806518915926,0.1146452066168487,2026-05-01,43842000000.0,2026-01-30,2025-10-31,2025-08-01,29776000000.0,Q2,4,151197000000.0,0.0713699192555084,0.5774785061794734,151197000000.0
HPE,2015-01-31,2016,Q1,13053000000.0,9370000000.0,3683000000.0,732000000.0,547000000.0,532000000.0,1973000000.0,0.28215735846165635,0.05607906228453229,,,,,,,,1,13053000000.0,,,
HPE,2015-04-30,2016,Q2,12549000000.0,8904000000.0,3645000000.0,428000000.0,305000000.0,552000000.0,1974000000.0,0.29046139134592397,0.03410630329109889,2015-01-31,13053000000.0,,,,,,2,25602000000.0,-0.038611813376235316,,
HPE,2015-07-31,2016,Q3,13057000000.0,9249000000.0,3808000000.0,244000000.0,224000000.0,602000000.0,2040000000.0,0.29164432871256796,0.01868729417170866,2015-04-30,12549000000.0,2015-01-31,,,,,3,38659000000.0,0.040481313252052065,,
HPE,2016-01-31,2017,Q1,12724000000.0,9054000000.0,3670000000.0,384000000.0,267000000.0,585000000.0,1998000000.0,0.2884313109085193,0.030179188934297392,2015-07-31,13057000000.0,2015-04-30,2015-01-31,,,,4,51383000000.0,,,
HPE,2016-04-30,2017,Q2,8509000000.0,5406000000.0,3103000000.0,451000000.0,320000000.0,621000000.0,1648000000.0,0.3646726994946527,0.053002703020331415,2016-01-31,12724000000.0,2015-07-31,2015-04-30,2015-01-31,13053000000.0,Q1,4,46839000000.0,-0.33126375353662374,,
HPE,2016-07-31,2017,Q3,8005000000.0,5025000000.0,2980000000.0,2645000000.0,2272000000.0,551000000.0,1575000000.0,0.37226733291692693,0.33041848844472205,2016-04-30,8509000000.0,2016-01-31,2015-07-31,2015-04-30,12549000000.0,Q2,4,42295000000.0,-0.05923140204489363,,
HPE,2017-01-31,2018,Q4,6902000000.0,4689000000.0,2213000000.0,453000000.0,267000000.0,356000000.0,1204000000.0,0.32063170095624455,0.06563314981164879,2016-07-31,8005000000.0,2016-04-30,2016-01-31,2015-07-31,13057000000.0,Q3,4,36140000000.0,,,
HPE,2017-04-30,2018,Q4,6808000000.0,4799000000.0,2009000000.0,195000000.0,-612000000.0,376000000.0,1229000000.0,0.2950940070505288,0.0286427732079906,2017-01-31,6902000000.0,2016-07-31,2016-04-30,2016-01-31,12724000000.0,Q1,4,30224000000.0,-0.013619240799768173,,
HPE,2017-07-31,2018,Q4,7501000000.0,5306000000.0,2195000000.0,201000000.0,165000000.0,390000000.0,1285000000.0,0.2926276496467138,0.026796427143047592,2017-04-30,6808000000.0,2017-01-31,2016-07-31,2016-04-30,8509000000.0,Q2,4,29216000000.0,0.10179200940070499,,
HPE,2017-10-31,2018,Q4,7660000000.0,5383000000.0,2277000000.0,-224000000.0,524000000.0,364000000.0,1288000000.0,0.2972584856396867,-0.029242819843342035,2017-07-31,7501000000.0,2017-04-30,2017-01-31,2016-07-31,8005000000.0,Q3,4,28871000000.0,0.021197173710171935,,28871000000.0
HPE,2018-01-31,2019,Q4,7674000000.0,5505000000.0,2169000000.0,228000000.0,1436000000.0,389000000.0,1218000000.0,0.282642689601251,0.029710711493354185,2017-10-31,7660000000.0,2017-07-31,2017-04-30,2017-01-31,6902000000.0,Q4,4,29643000000.0,0.0018276762402089641,0.11185163720660674,29643000000.0
HPE,2018-04-30,2019,Q4,7468000000.0,5210000000.0,2258000000.0,366000000.0,778000000.0,403000000.0,1245000000.0,0.3023567220139261,0.04900910551687199,2018-01-31,7674000000.0,2017-10-31,2017-07-31,2017-04-30,6808000000.0,Q4,4,30303000000.0,-0.02684388845452179,0.09694477085781439,30303000000.0
HPE,2018-07-31,2019,Q4,7764000000.0,5399000000.0,2365000000.0,490000000.0,451000000.0,435000000.0,1221000000.0,0.3046110252447192,0.06311179804224626,2018-04-30,7468000000.0,2018-01-31,2017-10-31,2017-07-31,7501000000.0,Q4,4,30566000000.0,0.039635779325120524,0.03506199173443547,30566000000.0
HPE,2018-10-31,2019,Q4,7946000000.0,5507000000.0,2439000000.0,653000000.0,-757000000.0,439000000.0,1219000000.0,0.3069468915177448,0.08217971306317644,2018-07-31,7764000000.0,2018-04-30,2018-01-31,2017-10-31,7660000000.0,Q4,4,30852000000.0,0.023441524987120044,0.03733681462140992,30852000000.0
HPE,2019-01-31,2020,Q4,7553000000.0,5207000000.0,2346000000.0,456000000.0,177000000.0,466000000.0,1211000000.0,0.3106050575930094,0.06037336157818086,2018-10-31,7946000000.0,2018-07-31,2018-04-30,2018-01-31,7674000000.0,Q4,4,30731000000.0,-0.0494588472187264,-0.015767526713578284,30731000000.0
HPE,2019-04-30,2020,Q4,7150000000.0,4845000000.0,2305000000.0,434000000.0,419000000.0,457000000.0,1214000000.0,0.32237762237762235,0.0606993006993007,2019-01-31,7553000000.0,2018-10-31,2018-07-31,2018-04-30,7468000000.0,Q4,4,30413000000.0,-0.05335628227194489,-0.042581681842528085,30413000000.0
HPE,2019-07-31,2020,Q4,7217000000.0,4768000000.0,2449000000.0,-76000000.0,-27000000.0,481000000.0,1253000000.0,0.33933767493418315,-0.010530691423028959,2019-04-30,7150000000.0,2019-01-31,2018-10-31,2018-07-31,7764000000.0,Q4,4,29866000000.0,0.009370629370629269,-0.07045337454920142,29866000000.0
HPE,2019-10-31,2020,Q4,7215000000.0,4822000000.0,2393000000.0,460000000.0,,,,0.33167013167013165,0.06375606375606375,2019-07-31,7217000000.0,2019-04-30,2019-01-31,2018-10-31,7946000000.0,Q4,4,29135000000.0,-0.0002771234585007276,-0.0919959728165115,29135000000.0
HPE,2020-01-31,2021,Q4,6949000000.0,4667000000.0,2282000000.0,348000000.0,333000000.0,485000000.0,1218000000.0,0.32839257447114695,0.05007914807886027,2019-10-31,7215000000.0,2019-07-31,2019-04-30,2019-01-31,7553000000.0,Q4,4,28531000000.0,-0.03686763686763683,-0.07996822454653785,28531000000.0
HPE,2020-04-30,2021,Q4,6009000000.0,4095000000.0,1914000000.0,-834000000.0,-821000000.0,450000000.0,1109000000.0,0.31852221667498753,-0.13879181228157764,2020-01-31,6949000000.0,2019-10-31,2019-07-31,2019-04-30,7150000000.0,Q4,4,27390000000.0,-0.13527126205209383,-0.15958041958041957,27390000000.0
HPE,2020-07-31,2021,Q4,6816000000.0,4749000000.0,2067000000.0,12000000.0,9000000.0,455000000.0,1131000000.0,0.3032570422535211,0.0017605633802816902,2020-04-30,6009000000.0,2020-01-31,2019-10-31,2019-07-31,7217000000.0,Q4,4,26989000000.0,0.13429855217174236,-0.055563253429402826,26989000000.0
HPE,2020-10-31,2020,Q4,7208000000.0,5002000000.0,2206000000.0,145000000.0,,,,0.3060488346281909,0.0201165371809101,2020-07-31,6816000000.0,2020-04-30,2020-01-31,2019-10-31,7215000000.0,Q4,4,26982000000.0,0.057511737089201986,-0.0009702009702009518,26982000000.0
HPE,2021-01-31,2022,Q1,6833000000.0,,,222000000.0,223000000.0,468000000.0,1159000000.0,,0.032489389726328116,2020-10-31,7208000000.0,2020-07-31,2020-04-30,2020-01-31,6949000000.0,Q4,4,26866000000.0,-0.052025527192008925,,26866000000.0
HPE,2021-04-30,2022,Q2,6700000000.0,,,278000000.0,259000000.0,503000000.0,1199000000.0,,0.04149253731343284,2021-01-31,6833000000.0,2020-10-31,2020-07-31,2020-04-30,6009000000.0,Q4,4,27557000000.0,-0.019464364115322708,,27557000000.0
HPE,2021-07-31,2022,Q3,6897000000.0,,,282000000.0,392000000.0,506000000.0,1291000000.0,,0.04088734232274902,2021-04-30,6700000000.0,2021-01-31,2020-10-31,2020-07-31,6816000000.0,Q4,4,27638000000.0,0.02940298507462691,,27638000000.0
HPE,2022-01-31,2023,Q1,6961000000.0,,,448000000.0,513000000.0,504000000.0,1201000000.0,,0.0643585691710961,2021-07-31,6897000000.0,2021-04-30,2021-01-31,2020-10-31,7208000000.0,Q4,4,27391000000.0,,,
HPE,2022-04-30,2023,Q2,6713000000.0,,,207000000.0,250000000.0,517000000.0,1249000000.0,,0.03083569194100998,2022-01-31,6961000000.0,2021-07-31,2021-04-30,2021-01-31,6833000000.0,Q1,4,27271000000.0,-0.035627065076856756,,
HPE,2022-07-31,2023,Q3,6951000000.0,,,466000000.0,409000000.0,509000000.0,1229000000.0,,0.06704071356639332,2022-04-30,6713000000.0,2022-01-31,2021-07-31,2021-04-30,6700000000.0,Q2,4,27522000000.0,0.035453597497393075,,
HPE,2023-01-31,2024,Q1,7809000000.0,,,591000000.0,501000000.0,623000000.0,1257000000.0,,0.07568190549366116,2022-07-31,6951000000.0,2022-04-30,2022-01-31,2021-07-31,6897000000.0,Q3,4,28434000000.0,,,
HPE,2023-04-30,2024,Q2,6973000000.0,,,520000000.0,418000000.0,570000000.0,1269000000.0,,0.07457335436684354,2023-01-31,7809000000.0,2022-07-31,2022-04-30,2022-01-31,6961000000.0,Q1,4,28446000000.0,-0.10705596107055959,,
HPE,2023-07-31,2024,Q3,7002000000.0,,,471000000.0,464000000.0,578000000.0,1302000000.0,,0.06726649528706084,2023-04-30,6973000000.0,2023-01-31,2022-07-31,2022-04-30,6713000000.0,Q2,4,28735000000.0,0.0041588986089200475,,
HPE,2024-01-31,2025,Q1,6755000000.0,,,525000000.0,387000000.0,582000000.0,1216000000.0,,0.07772020725388601,2023-07-31,7002000000.0,2023-04-30,2023-01-31,2022-07-31,6951000000.0,Q3,4,28539000000.0,,,
HPE,2024-04-30,2025,Q2,7204000000.0,,,425000000.0,314000000.0,590000000.0,1215000000.0,,0.05899500277623543,2024-01-31,6755000000.0,2023-07-31,2023-04-30,2023-01-31,7809000000.0,Q1,4,27934000000.0,0.06646928201332347,,
HPE,2024-07-31,2025,Q3,7710000000.0,,,547000000.0,512000000.0,547000000.0,1229000000.0,,0.07094682230869001,2024-04-30,7204000000.0,2024-01-31,2023-07-31,2023-04-30,6973000000.0,Q2,4,28671000000.0,0.07023875624652964,,
HPE,2024-10-31,2025,Q4,8458000000.0,,,693000000.0,1366000000.0,527000000.0,1211000000.0,,0.08193426341924805,2024-07-31,7710000000.0,2024-04-30,2024-01-31,2023-07-31,7002000000.0,Q3,4,30127000000.0,0.09701686121919595,,30127000000.0
HPE,2025-01-31,2026,Q1,7854000000.0,,,433000000.0,627000000.0,475000000.0,1268000000.0,,0.055131143366437485,2024-10-31,8458000000.0,2024-07-31,2024-04-30,2024-01-31,6755000000.0,Q1,4,31226000000.0,-0.07141168124852215,0.16269430051813472,31226000000.0
HPE,2025-04-30,2026,Q2,7627000000.0,,,-1109000000.0,-1050000000.0,540000000.0,1298000000.0,,-0.1454044840697522,2025-01-31,7854000000.0,2024-10-31,2024-07-31,2024-04-30,7204000000.0,Q2,4,31649000000.0,-0.028902470078940645,0.05871737923375897,31649000000.0
HPE,2025-07-31,2026,Q3,9136000000.0,,,247000000.0,305000000.0,622000000.0,1496000000.0,,0.027035901926444835,2025-04-30,7627000000.0,2025-01-31,2024-10-31,2024-07-31,7710000000.0,Q3,4,33075000000.0,0.19784974432935631,0.18495460440985734,33075000000.0
HPE,2026-01-31,2026,Q1,9301000000.0,,,470000000.0,452000000.0,744000000.0,1698000000.0,,0.050532200838619507,2025-07-31,9136000000.0,2025-04-30,2025-01-31,2024-10-31,8458000000.0,Q4,4,33918000000.0,,,
HPE,2026-04-30,2026,Q2,10678000000.0,,,747000000.0,624000000.0,922000000.0,1830000000.0,,0.06995692077168009,2026-01-31,9301000000.0,2025-07-31,2025-04-30,2025-01-31,7854000000.0,Q1,4,36742000000.0,0.14804859692506178,,
HPE,2026-07-31,2026,Q3,12213000000.0,,,1393000000.0,1540000000.0,1158000000.0,1962000000.0,,0.11405878981413248,2026-04-30,10678000000.0,2026-01-31,2025-07-31,2025-04-30,7627000000.0,Q2,4,41328000000.0,0.14375351189361307,,
IBM,2008-06-30,2009,Q2,26820000000.0,15221000000.0,11599000000.0,,2765000000.0,1660000000.0,6289000000.0,0.432475764354959,,,,,,,,,1,26820000000.0,,,
IBM,2008-09-30,2009,Q3,25302000000.0,14342000000.0,10959000000.0,,2824000000.0,1579000000.0,5644000000.0,0.43312781598292627,,2008-06-30,26820000000.0,,,,,,2,52122000000.0,-0.05659955257270699,,
IBM,2009-03-31,2010,Q1,21711000000.0,12280000000.0,9431000000.0,,2295000000.0,1480000000.0,5264000000.0,0.4343880981990696,,2008-09-30,25302000000.0,2008-06-30,,,,,3,73833000000.0,,,
IBM,2009-06-30,2010,Q2,23250000000.0,12669000000.0,10581000000.0,,3103000000.0,1434000000.0,5115000000.0,0.4550967741935484,,2009-03-31,21711000000.0,2008-09-30,2008-06-30,,,,4,97083000000.0,0.07088572612961164,,
IBM,2009-09-30,2010,Q3,23566000000.0,12938000000.0,10627000000.0,,3214000000.0,1446000000.0,5013000000.0,0.45094627853687513,,2009-06-30,23250000000.0,2009-03-31,2008-09-30,2008-06-30,26820000000.0,Q2,4,93829000000.0,0.013591397849462394,,
IBM,2010-03-31,2011,Q1,22857000000.0,12880000000.0,9976000000.0,,2601000000.0,1509000000.0,5677000000.0,0.4364527278295489,,2009-09-30,23566000000.0,2009-06-30,2009-03-31,2008-09-30,25302000000.0,Q3,4,91384000000.0,,,
IBM,2010-06-30,2011,Q2,23724000000.0,12915000000.0,10809000000.0,,3386000000.0,1475000000.0,5061000000.0,0.4556145675265554,,2010-03-31,22857000000.0,2009-09-30,2009-06-30,2009-03-31,21711000000.0,Q1,4,93397000000.0,0.03793148707179417,,
IBM,2010-09-30,2011,Q3,24271000000.0,13270000000.0,11001000000.0,,3589000000.0,1464000000.0,5149000000.0,0.45325697334267234,,2010-06-30,23724000000.0,2010-03-31,2009-09-30,2009-06-30,23250000000.0,Q2,4,94418000000.0,0.023056820097791197,,
IBM,2011-03-31,2012,Q1,24607000000.0,13749000000.0,10858000000.0,,2863000000.0,1587000000.0,5826000000.0,0.4412565530133702,,2010-09-30,24271000000.0,2010-06-30,2010-03-31,2009-09-30,23566000000.0,Q3,4,95459000000.0,,,
IBM,2011-06-30,2012,Q2,26666000000.0,14282000000.0,12385000000.0,,3664000000.0,1569000000.0,6030000000.0,0.4644491112277807,,2011-03-31,24607000000.0,2010-09-30,2010-06-30,2010-03-31,22857000000.0,Q1,4,99268000000.0,0.08367537692526517,,
IBM,2011-09-30,2012,Q3,26157000000.0,13984000000.0,12173000000.0,,3839000000.0,1546000000.0,5662000000.0,0.46538211568604965,,2011-06-30,26666000000.0,2011-03-31,2010-09-30,2010-06-30,23724000000.0,Q2,4,101701000000.0,-0.019087977199430006,,
IBM,2012-03-31,2013,Q1,24673000000.0,13555000000.0,11118000000.0,,3066000000.0,1601000000.0,5886000000.0,0.4506140315324444,,2011-09-30,26157000000.0,2011-06-30,2011-03-31,2010-09-30,24271000000.0,Q3,4,102103000000.0,,,
IBM,2012-06-30,2013,Q2,25783000000.0,13502000000.0,12281000000.0,,3881000000.0,1587000000.0,5837000000.0,0.4763216072605981,,2012-03-31,24673000000.0,2011-09-30,2011-06-30,2011-03-31,24607000000.0,Q1,4,103279000000.0,0.04498844891176579,,
IBM,2012-09-30,2013,Q3,24747000000.0,13016000000.0,11732000000.0,,3824000000.0,1534000000.0,5908000000.0,0.47407766597971474,,2012-06-30,25783000000.0,2012-03-31,2011-09-30,2011-06-30,26666000000.0,Q2,4,101360000000.0,-0.040181514951712405,,
IBM,2013-03-31,2014,Q1,23408000000.0,12730000000.0,10678000000.0,,3032000000.0,1644000000.0,5577000000.0,0.45616883116883117,,2012-09-30,24747000000.0,2012-06-30,2012-03-31,2011-09-30,26157000000.0,Q3,4,98611000000.0,,,
IBM,2013-06-30,2014,Q2,24924000000.0,12792000000.0,12132000000.0,,3226000000.0,1548000000.0,6680000000.0,0.4867597496389023,,2013-03-31,23408000000.0,2012-09-30,2012-06-30,2012-03-31,24673000000.0,Q1,4,98862000000.0,0.06476418318523591,,
IBM,2013-09-30,2014,Q3,23338000000.0,11908000000.0,11429000000.0,,4041000000.0,1356000000.0,5260000000.0,0.48971634244579654,,2013-06-30,24924000000.0,2013-03-31,2012-09-30,2012-06-30,25783000000.0,Q2,4,96417000000.0,-0.06363344567485152,,
IBM,2014-03-31,2015,Q1,22236000000.0,11608000000.0,10627000000.0,,2384000000.0,1402000000.0,6272000000.0,0.47791869041194457,,2013-09-30,23338000000.0,2013-06-30,2013-03-31,2012-09-30,24747000000.0,Q3,4,93906000000.0,,,
IBM,2014-06-30,2015,Q2,24047000000.0,12003000000.0,12044000000.0,,4137000000.0,1361000000.0,5593000000.0,0.5008524971929971,,2014-03-31,22236000000.0,2013-09-30,2013-06-30,2013-03-31,23408000000.0,Q1,4,94545000000.0,0.08144450440726758,,
IBM,2014-09-30,2015,Q3,22397000000.0,11523000000.0,10874000000.0,,18000000.0,1354000000.0,5281000000.0,0.48551145242666427,,2014-06-30,24047000000.0,2014-03-31,2013-09-30,2013-06-30,24924000000.0,Q2,4,92018000000.0,-0.06861562772903063,,
IBM,2015-03-31,2016,Q1,19590000000.0,10138000000.0,9452000000.0,,2328000000.0,1298000000.0,5362000000.0,0.48249106687085247,,2014-09-30,22397000000.0,2014-06-30,2014-03-31,2013-09-30,23338000000.0,Q3,4,88270000000.0,,,
IBM,2015-06-30,2016,Q2,20813000000.0,10423000000.0,10390000000.0,,3449000000.0,1300000000.0,5179000000.0,0.49920722625282277,,2015-03-31,19590000000.0,2014-09-30,2014-06-30,2014-03-31,22236000000.0,Q1,4,86847000000.0,0.06242981112812651,,
IBM,2015-09-30,2016,Q3,19280000000.0,9844000000.0,9436000000.0,,2950000000.0,1287000000.0,4731000000.0,0.48941908713692944,,2015-06-30,20813000000.0,2015-03-31,2014-09-30,2014-06-30,24047000000.0,Q2,4,82080000000.0,-0.07365588814683133,,
IBM,2016-03-31,2017,Q1,18684000000.0,9999000000.0,8686000000.0,,2014000000.0,1458000000.0,6012000000.0,0.46488974523656607,,2015-09-30,19280000000.0,2015-06-30,2015-03-31,2014-09-30,22397000000.0,Q3,4,78367000000.0,,,
IBM,2016-06-30,2017,Q2,20238000000.0,10536000000.0,9702000000.0,,2504000000.0,1465000000.0,5349000000.0,0.47939519715386897,,2016-03-31,18684000000.0,2015-09-30,2015-06-30,2015-03-31,19590000000.0,Q1,4,79015000000.0,0.08317276814386632,,
IBM,2016-09-30,2017,Q3,19226000000.0,10213000000.0,9013000000.0,,2853000000.0,1397000000.0,4732000000.0,0.4687922604805992,,2016-06-30,20238000000.0,2016-03-31,2015-09-30,2015-06-30,20813000000.0,Q2,4,77428000000.0,-0.05000494119972332,,
IBM,2017-03-31,2018,Q1,18155000000.0,10211000000.0,7944000000.0,,1750000000.0,1484000000.0,5027000000.0,0.4375654089782429,,2016-09-30,19226000000.0,2016-06-30,2016-03-31,2015-09-30,19280000000.0,Q3,4,76303000000.0,,,
IBM,2017-06-30,2018,Q2,19289000000.0,10321000000.0,8968000000.0,,2331000000.0,1436000000.0,5033000000.0,0.4649281974182176,,2017-03-31,18155000000.0,2016-09-30,2016-06-30,2016-03-31,18684000000.0,Q1,4,76908000000.0,0.062462131644175134,,
IBM,2017-09-30,2018,Q3,19153000000.0,10172000000.0,8981000000.0,,2726000000.0,1291000000.0,4606000000.0,0.46890826502375604,,2017-06-30,19289000000.0,2017-03-31,2016-09-30,2016-06-30,20238000000.0,Q2,4,75823000000.0,-0.00705065062989263,,
IBM,2018-03-31,2019,Q1,19072000000.0,10825000000.0,8247000000.0,,1679000000.0,1405000000.0,5445000000.0,0.4324140100671141,,2017-09-30,19153000000.0,2017-06-30,2017-03-31,2016-09-30,19226000000.0,Q3,4,75669000000.0,,,
IBM,2018-06-30,2019,Q2,20003000000.0,10804000000.0,9199000000.0,,2404000000.0,1364000000.0,4857000000.0,0.4598810178473229,,2018-03-31,19072000000.0,2017-09-30,2017-06-30,2017-03-31,18155000000.0,Q1,4,77517000000.0,0.04881501677852351,,
IBM,2018-09-30,2019,Q3,18756000000.0,9953000000.0,8803000000.0,,2694000000.0,1252000000.0,4363000000.0,0.4693431435274046,,2018-06-30,20003000000.0,2018-03-31,2017-09-30,2017-06-30,19289000000.0,Q2,4,76984000000.0,-0.06234064890266455,,
IBM,2019-03-31,2020,Q1,18182000000.0,10139000000.0,8043000000.0,,1591000000.0,1433000000.0,4691000000.0,0.44236057639423604,,2018-09-30,18756000000.0,2018-06-30,2018-03-31,2017-09-30,19153000000.0,Q3,4,76013000000.0,,,
IBM,2019-06-30,2020,Q2,19161000000.0,10151000000.0,9010000000.0,,2498000000.0,1407000000.0,5456000000.0,0.4702259798549136,,2019-03-31,18182000000.0,2018-09-30,2018-06-30,2018-03-31,19072000000.0,Q1,4,76102000000.0,0.05384446155538436,,
IBM,2019-09-30,2020,Q3,18028000000.0,9692000000.0,8336000000.0,,1672000000.0,1553000000.0,5024000000.0,0.4623918349234524,,2019-06-30,19161000000.0,2019-03-31,2018-09-30,2018-06-30,20003000000.0,Q2,4,74127000000.0,-0.05913052554668341,,
IBM,2020-03-31,2021,Q1,17571000000.0,9649000000.0,7922000000.0,,1175000000.0,1625000000.0,5955000000.0,0.45085652495589323,,2019-09-30,18028000000.0,2019-06-30,2019-03-31,2018-09-30,18756000000.0,Q3,4,72942000000.0,,,
IBM,2020-06-30,2021,Q2,18123000000.0,9423000000.0,8700000000.0,,1361000000.0,1582000000.0,5248000000.0,0.48005297136235725,,2020-03-31,17571000000.0,2019-09-30,2019-06-30,2019-03-31,18182000000.0,Q1,4,72883000000.0,0.03141540037561885,,
IBM,2020-09-30,2021,Q3,17560000000.0,9130000000.0,8430000000.0,,1698000000.0,1515000000.0,4647000000.0,0.48006833712984054,,2020-06-30,18123000000.0,2020-03-31,2019-09-30,2019-06-30,19161000000.0,Q2,4,71282000000.0,-0.031065496882414556,,
IBM,2021-03-31,2022,Q1,13187000000.0,6160000000.0,7027000000.0,,955000000.0,1616000000.0,4688000000.0,0.5328732842951391,,2020-09-30,17560000000.0,2020-06-30,2020-03-31,2019-09-30,18028000000.0,Q3,4,66441000000.0,,,
IBM,2021-06-30,2022,Q2,14218000000.0,6366000000.0,7852000000.0,,1325000000.0,1641000000.0,4849000000.0,0.5522577015051343,,2021-03-31,13187000000.0,2020-09-30,2020-06-30,2020-03-31,17571000000.0,Q1,4,63088000000.0,0.0781830590733299,,
IBM,2021-09-30,2022,Q3,13251000000.0,6145000000.0,7106000000.0,,1130000000.0,1606000000.0,4306000000.0,0.5362614142328881,,2021-06-30,14218000000.0,2021-03-31,2020-09-30,2020-06-30,18123000000.0,Q2,4,58216000000.0,-0.06801237867491916,,
IBM,2022-03-31,2023,Q1,14197000000.0,6862000000.0,7335000000.0,,733000000.0,1679000000.0,4597000000.0,0.5166584489680919,,2021-09-30,13251000000.0,2021-06-30,2021-03-31,2020-09-30,17560000000.0,Q3,4,54853000000.0,,,
IBM,2022-06-30,2023,Q2,15535000000.0,7246000000.0,8290000000.0,,1392000000.0,1673000000.0,4855000000.0,0.53363373028645,,2022-03-31,14197000000.0,2021-09-30,2021-06-30,2021-03-31,13187000000.0,Q1,4,57201000000.0,0.09424526308375003,,
IBM,2022-09-30,2023,Q3,14107000000.0,6677000000.0,7430000000.0,,-3196000000.0,1611000000.0,4391000000.0,0.5266888778620543,,2022-06-30,15535000000.0,2022-03-31,2021-09-30,2021-06-30,14218000000.0,Q2,4,57090000000.0,-0.09192146765368525,,
IBM,2023-03-31,2024,Q1,14252000000.0,6743000000.0,7509000000.0,,927000000.0,1655000000.0,4853000000.0,0.5268734212742071,,2022-09-30,14107000000.0,2022-06-30,2022-03-31,2021-09-30,13251000000.0,Q3,4,58091000000.0,,,
IBM,2023-06-30,2024,Q2,15475000000.0,6974000000.0,8501000000.0,,1583000000.0,1687000000.0,4900000000.0,0.5493376413570275,,2023-03-31,14252000000.0,2022-09-30,2022-06-30,2022-03-31,14197000000.0,Q1,4,59369000000.0,0.08581251754139774,,
IBM,2023-09-30,2024,Q3,14752000000.0,6729000000.0,8023000000.0,,1704000000.0,1685000000.0,4458000000.0,0.5438584598698482,,2023-06-30,15475000000.0,2023-03-31,2022-09-30,2022-06-30,15535000000.0,Q2,4,58586000000.0,-0.046720516962843295,,
IBM,2024-03-31,2025,Q1,14462000000.0,6719000000.0,7742000000.0,,1605000000.0,1796000000.0,4974000000.0,0.5353339787028074,,2023-09-30,14752000000.0,2023-06-30,2023-03-31,2022-09-30,14107000000.0,Q3,4,58941000000.0,,,
IBM,2024-06-30,2025,Q2,15770000000.0,6820000000.0,8950000000.0,,1834000000.0,1840000000.0,4938000000.0,0.5675332910589728,,2024-03-31,14462000000.0,2023-09-30,2023-06-30,2023-03-31,14252000000.0,Q1,4,60459000000.0,0.0904439220024893,,
IBM,2024-09-30,2025,Q3,14968000000.0,6548000000.0,8420000000.0,,-330000000.0,1876000000.0,4911000000.0,0.5625334045964725,,2024-06-30,15770000000.0,2024-03-31,2023-09-30,2023-06-30,15475000000.0,Q2,4,59952000000.0,-0.05085605580215602,,
IBM,2024-12-31,2025,Q4,17554000000.0,7114000000.0,10439000000.0,,2914000000.0,1967000000.0,4865000000.0,0.594679275378831,,2024-09-30,14968000000.0,2024-06-30,2024-03-31,2023-09-30,14752000000.0,Q3,4,62754000000.0,0.17276857295563874,,62754000000.0
IBM,2025-03-31,2026,Q1,14541000000.0,6510000000.0,8031000000.0,,1055000000.0,1950000000.0,4886000000.0,0.5523003919950484,,2024-12-31,17554000000.0,2024-09-30,2024-06-30,2024-03-31,14462000000.0,Q1,4,62833000000.0,-0.17164179104477617,0.005462591619416424,62833000000.0
IBM,2025-06-30,2026,Q2,16977000000.0,7001000000.0,9977000000.0,,2194000000.0,2097000000.0,5027000000.0,0.5876774459562938,,2025-03-31,14541000000.0,2024-12-31,2024-09-30,2024-06-30,15770000000.0,Q2,4,64040000000.0,0.16752630493088505,0.07653772986683571,64040000000.0
IBM,2025-09-30,2025,Q3,16331000000.0,6970000000.0,9360000000.0,,1744000000.0,2082000000.0,4748000000.0,0.5731431020758068,,2025-06-30,16977000000.0,2025-03-31,2024-12-31,2024-09-30,14968000000.0,Q3,4,65403000000.0,-0.03805148141603343,0.09106092998396575,65403000000.0
IBM,2025-12-31,2025,Q4,19686000000.0,7758000000.0,11928000000.0,,5600000000.0,2187000000.0,5462000000.0,0.605912831453825,,2025-09-30,16331000000.0,2025-06-30,2025-03-31,2024-12-31,17554000000.0,Q4,4,67535000000.0,0.2054375114812319,0.12145379970377124,67535000000.0
IBM,2026-03-31,2026,Q1,15917000000.0,6968000000.0,8950000000.0,,1216000000.0,2173000000.0,5089000000.0,0.5622918891750958,,2025-12-31,19686000000.0,2025-09-30,2025-06-30,2025-03-31,14541000000.0,Q1,4,68911000000.0,-0.19145585695418066,0.09462898012516341,68911000000.0
IBM,2026-06-30,2026,Q2,17162000000.0,7255000000.0,9907000000.0,,2165000000.0,2311000000.0,4981000000.0,0.5772637221769025,,2026-03-31,15917000000.0,2025-12-31,2025-09-30,2025-06-30,16977000000.0,Q2,4,69096000000.0,0.07821825720927311,0.010897096071155188,69096000000.0
NTAP,2009-07-31,2011,Q4,838000000.0,,522500000.0,,51700000.0,,,0.6235083532219571,,,,,,,,,1,838000000.0,,,
NTAP,2009-10-30,2011,Q4,910000000.0,303300000.0,606700000.0,115400000.0,95700000.0,132400000.0,,0.6667032967032968,0.12681318681318682,2009-07-31,838000000.0,,,,,,2,1748000000.0,0.08591885441527447,,
NTAP,2010-01-29,2011,Q4,1011700000.0,370200000.0,641500000.0,129300000.0,107900000.0,129300000.0,,0.634081249382228,0.12780468518335475,2009-10-30,910000000.0,2009-07-31,,,,,3,2759700000.0,0.11175824175824167,,
NTAP,2010-04-30,2011,Q4,1171700000.0,,748500000.0,,145100000.0,,,0.6388153964325339,,2010-01-29,1011700000.0,2009-10-30,2009-07-31,,,,4,3931400000.0,0.15814964910546614,,3931400000.0
NTAP,2010-07-30,2012,Q4,1153700000.0,415900000.0,737800000.0,177600000.0,150700000.0,149500000.0,,0.6395076709716564,0.15393949900320708,2010-04-30,1171700000.0,2010-01-29,2009-10-30,2009-07-31,838000000.0,Q4,4,4247100000.0,-0.015362294102585938,0.3767303102625299,4247100000.0
NTAP,2010-10-29,2012,Q4,1251000000.0,434500000.0,816500000.0,212800000.0,175400000.0,156600000.0,,0.6526778577138289,0.1701039168665068,2010-07-30,1153700000.0,2010-04-30,2010-01-29,2009-10-30,910000000.0,Q4,4,4588100000.0,0.0843373493975903,0.3747252747252747,4588100000.0
NTAP,2011-01-28,2012,Q4,1289600000.0,443400000.0,846200000.0,221000000.0,186400000.0,166000000.0,,0.6561724565756824,0.17137096774193547,2010-10-29,1251000000.0,2010-07-30,2010-04-30,2010-01-29,1011700000.0,Q4,4,4866000000.0,0.03085531574740208,0.2746861717900564,4866000000.0
NTAP,2011-04-29,2012,Q4,1428300000.0,,928200000.0,,160600000.0,,,0.6498634740600714,,2011-01-28,1289600000.0,2010-10-29,2010-07-30,2010-04-30,1171700000.0,Q4,4,5122600000.0,0.1075527295285359,0.21899803704019805,5122600000.0
NTAP,2011-07-29,2013,Q4,1458200000.0,561300000.0,896900000.0,176200000.0,139500000.0,198600000.0,,0.6150733781374297,0.12083390481415443,2011-04-29,1428300000.0,2011-01-28,2010-10-29,2010-07-30,1153700000.0,Q4,4,5427100000.0,0.02093397745571668,0.26393343156799864,5427100000.0
NTAP,2011-10-28,2013,Q4,1507000000.0,594000000.0,913000000.0,192400000.0,165600000.0,199700000.0,,0.6058394160583942,0.1276708692767087,2011-07-29,1458200000.0,2011-04-29,2011-01-28,2010-10-29,1251000000.0,Q4,4,5683100000.0,0.03346591688382938,0.20463629096722613,5683100000.0
NTAP,2012-01-27,2013,Q4,1565500000.0,657000000.0,908500000.0,156500000.0,119600000.0,208300000.0,,0.5803257745129352,0.09996806132226126,2011-10-28,1507000000.0,2011-07-29,2011-04-29,2011-01-28,1289600000.0,Q4,4,5959000000.0,0.03881884538818836,0.2139423076923077,5959000000.0
NTAP,2012-04-27,2013,Q4,1702500000.0,707500000.0,995000000.0,,180700000.0,,,0.5844346549192364,,2012-01-27,1565500000.0,2011-10-28,2011-07-29,2011-04-29,1428300000.0,Q4,4,6233200000.0,0.08751197700415192,0.1919764755303508,6233200000.0
NTAP,2012-07-27,2014,Q4,1444600000.0,594500000.0,850100000.0,80200000.0,63800000.0,221400000.0,,0.5884673958189118,0.055517098158659836,2012-04-27,1702500000.0,2012-01-27,2011-10-28,2011-07-29,1458200000.0,Q4,4,6219600000.0,-0.15148311306901618,-0.009326567000411456,6219600000.0
NTAP,2012-10-26,2014,Q4,1541200000.0,627300000.0,913900000.0,135300000.0,109600000.0,223800000.0,,0.5929794964962367,0.0877887360498313,2012-07-27,1444600000.0,2012-04-27,2012-01-27,2011-10-28,1507000000.0,Q4,4,6253800000.0,0.06686972172227601,0.02269409422694091,6253800000.0
NTAP,2013-01-25,2014,Q4,1630100000.0,665200000.0,964900000.0,187900000.0,158100000.0,215600000.0,,0.5919268756518005,0.11526900190172382,2012-10-26,1541200000.0,2012-07-27,2012-04-27,2012-01-27,1565500000.0,Q4,4,6318400000.0,0.05768232546067997,0.04126477163845421,6318400000.0
NTAP,2013-04-26,2014,Q4,1716500000.0,684300000.0,1032200000.0,,173800000.0,,,0.6013399359161083,,2013-01-25,1630100000.0,2012-10-26,2012-07-27,2012-04-27,1702500000.0,Q4,4,6332400000.0,0.05300288325869573,0.008223201174742956,6332400000.0
NTAP,2013-07-26,2015,Q1,1516200000.0,606600000.0,909600000.0,96900000.0,81600000.0,228100000.0,,0.5999208547685002,0.06390977443609022,2013-04-26,1716500000.0,2013-01-25,2012-10-26,2012-07-27,1444600000.0,Q4,4,6404000000.0,-0.11669094086804543,,6404000000.0
NTAP,2013-10-25,2015,Q2,1549900000.0,584700000.0,965200000.0,186900000.0,166800000.0,228200000.0,,0.6227498548293439,0.12058842505968127,2013-07-26,1516200000.0,2013-04-26,2013-01-25,2012-10-26,1541200000.0,Q4,4,6412700000.0,0.02222661917952773,,6412700000.0
NTAP,2014-01-24,2015,Q3,1610000000.0,607700000.0,1002300000.0,226700000.0,192100000.0,230300000.0,,0.6225465838509316,0.14080745341614906,2013-10-25,1549900000.0,2013-07-26,2013-04-26,2013-01-25,1630100000.0,Q4,4,6392600000.0,0.03877669527066252,,6392600000.0
NTAP,2014-04-25,2014,Q4,1649000000.0,607000000.0,1042000000.0,,197000000.0,,,0.6318981200727714,,2014-01-24,1610000000.0,2013-10-25,2013-07-26,2013-04-26,1716500000.0,Q4,4,6325100000.0,0.024223602484471973,-0.03932420623361488,6325100000.0
NTAP,2014-07-25,2016,Q1,1489000000.0,551000000.0,938000000.0,160000000.0,88000000.0,228000000.0,,0.6299529885829416,0.10745466756212223,2014-04-25,1649000000.0,2014-01-24,2013-10-25,2013-07-26,1516200000.0,Q1,4,6297900000.0,-0.09702850212249847,-0.017939585806621805,6297900000.0
NTAP,2014-10-24,2016,Q2,1543000000.0,560000000.0,983000000.0,193000000.0,160000000.0,229000000.0,,0.6370706416072586,0.12508101101749838,2014-07-25,1489000000.0,2014-04-25,2014-01-24,2013-10-25,1549900000.0,Q2,4,6291000000.0,0.03626595030221624,-0.004451900122588559,6291000000.0
NTAP,2015-01-23,2016,Q3,1551000000.0,574000000.0,977000000.0,202000000.0,177000000.0,230000000.0,,0.6299161831076725,0.13023855577047067,2014-10-24,1543000000.0,2014-07-25,2014-04-25,2014-01-24,1610000000.0,Q3,4,6232000000.0,0.005184705119896327,-0.0366459627329192,6232000000.0
NTAP,2015-07-31,2017,Q1,1335000000.0,519000000.0,816000000.0,-26000000.0,-30000000.0,244000000.0,,0.6112359550561798,-0.01947565543071161,2015-01-23,1551000000.0,2014-10-24,2014-07-25,2014-04-25,1649000000.0,Q4,4,5918000000.0,,,
NTAP,2015-10-30,2017,Q2,1445000000.0,561000000.0,884000000.0,145000000.0,114000000.0,216000000.0,,0.611764705882353,0.10034602076124567,2015-07-31,1335000000.0,2015-01-23,2014-10-24,2014-07-25,1489000000.0,Q1,4,5874000000.0,0.08239700374531833,,
NTAP,2016-01-29,2017,Q3,1386000000.0,531000000.0,855000000.0,165000000.0,153000000.0,200000000.0,,0.6168831168831169,0.11904761904761904,2015-10-30,1445000000.0,2015-07-31,2015-01-23,2014-10-24,1543000000.0,Q2,4,5717000000.0,-0.04083044982698958,,
NTAP,2016-07-29,2018,Q1,1294000000.0,497000000.0,797000000.0,93000000.0,64000000.0,207000000.0,,0.615919629057187,0.07187017001545595,2016-01-29,1386000000.0,2015-10-30,2015-07-31,2015-01-23,1551000000.0,Q3,4,5460000000.0,,,
NTAP,2016-10-28,2018,Q2,1340000000.0,511000000.0,829000000.0,142000000.0,109000000.0,200000000.0,,0.6186567164179104,0.10597014925373134,2016-07-29,1294000000.0,2016-01-29,2015-10-30,2015-07-31,1335000000.0,Q1,4,5465000000.0,0.03554868624420404,,
NTAP,2017-01-27,2018,Q3,1404000000.0,553000000.0,851000000.0,183000000.0,146000000.0,181000000.0,,0.6061253561253561,0.13034188034188035,2016-10-28,1340000000.0,2016-07-29,2016-01-29,2015-10-30,1445000000.0,Q2,4,5424000000.0,0.047761194029850795,,
NTAP,2017-07-28,2019,Q1,1321000000.0,497000000.0,824000000.0,140000000.0,131000000.0,193000000.0,,0.6237698713096139,0.10598031794095382,2017-01-27,1404000000.0,2016-10-28,2016-07-29,2016-01-29,1386000000.0,Q3,4,5359000000.0,,,
NTAP,2017-10-27,2019,Q2,1415000000.0,515000000.0,900000000.0,216000000.0,174000000.0,194000000.0,,0.6360424028268551,0.15265017667844524,2017-07-28,1321000000.0,2017-01-27,2016-10-28,2016-07-29,1294000000.0,Q1,4,5480000000.0,0.07115821347464046,,
NTAP,2018-01-26,2019,Q3,1539000000.0,583000000.0,956000000.0,490000000.0,-479000000.0,193000000.0,,0.6211825860948668,0.3183885640025991,2017-10-27,1415000000.0,2017-07-28,2017-01-27,2016-10-28,1340000000.0,Q2,4,5679000000.0,0.08763250883392226,,
NTAP,2018-07-27,2020,Q1,1474000000.0,511000000.0,963000000.0,254000000.0,283000000.0,208000000.0,,0.6533242876526458,0.1723202170963365,2018-01-26,1539000000.0,2017-10-27,2017-07-28,2017-01-27,1404000000.0,Q3,4,5749000000.0,,,
NTAP,2018-10-26,2020,Q2,1517000000.0,543000000.0,974000000.0,286000000.0,241000000.0,211000000.0,,0.6420566908371786,0.1885299934080422,2018-07-27,1474000000.0,2018-01-26,2017-10-27,2017-07-28,1321000000.0,Q1,4,5945000000.0,0.02917232021709637,,
NTAP,2019-01-25,2020,Q3,1563000000.0,581000000.0,982000000.0,311000000.0,249000000.0,203000000.0,,0.6282789507357646,0.19897632757517594,2018-10-26,1517000000.0,2018-07-27,2018-01-26,2017-10-27,1415000000.0,Q2,4,6093000000.0,0.030323005932761937,,
NTAP,2019-07-26,2021,Q1,1236000000.0,420000000.0,816000000.0,104000000.0,103000000.0,215000000.0,,0.6601941747572816,0.08414239482200647,2019-01-25,1563000000.0,2018-10-26,2018-07-27,2018-01-26,1539000000.0,Q3,4,5790000000.0,,,
NTAP,2019-10-25,2021,Q2,1371000000.0,446000000.0,925000000.0,296000000.0,243000000.0,209000000.0,,0.674690007293946,0.21590080233406272,2019-07-26,1236000000.0,2019-01-25,2018-10-26,2018-07-27,1474000000.0,Q1,4,5687000000.0,0.10922330097087385,,
NTAP,2020-01-24,2021,Q3,1404000000.0,463000000.0,941000000.0,268000000.0,277000000.0,211000000.0,,0.6702279202279202,0.1908831908831909,2019-10-25,1371000000.0,2019-07-26,2019-01-25,2018-10-26,1517000000.0,Q2,4,5574000000.0,0.024070021881838155,,
NTAP,2020-07-31,2022,Q1,1303000000.0,431000000.0,872000000.0,136000000.0,77000000.0,233000000.0,,0.6692248656945511,0.10437452033768227,2020-01-24,1404000000.0,2019-10-25,2019-07-26,2019-01-25,1563000000.0,Q3,4,5314000000.0,,,
NTAP,2020-10-30,2022,Q2,1416000000.0,483000000.0,933000000.0,182000000.0,137000000.0,212000000.0,,0.6588983050847458,0.1285310734463277,2020-07-31,1303000000.0,2020-01-24,2019-10-25,2019-07-26,1236000000.0,Q1,4,5494000000.0,0.08672294704528016,,
NTAP,2021-01-29,2022,Q3,1470000000.0,495000000.0,975000000.0,258000000.0,182000000.0,215000000.0,,0.6632653061224489,0.17551020408163265,2020-10-30,1416000000.0,2020-07-31,2020-01-24,2019-10-25,1371000000.0,Q2,4,5593000000.0,0.03813559322033888,,
NTAP,2021-04-30,2022,Q4,,520000000.0,,455000000.0,,221000000.0,,,,2021-01-29,1470000000.0,2020-10-30,2020-07-31,2020-01-24,1404000000.0,Q3,3,4189000000.0,,,
NTAP,2021-07-30,2023,Q1,1458000000.0,459000000.0,999000000.0,249000000.0,202000000.0,210000000.0,,0.6851851851851852,0.17078189300411523,2021-04-30,,2021-01-29,2020-10-30,2020-07-31,1303000000.0,Q1,3,4344000000.0,,0.1189562547966232,
NTAP,2021-10-29,2023,Q2,1566000000.0,507000000.0,1059000000.0,294000000.0,224000000.0,216000000.0,,0.6762452107279694,0.18773946360153257,2021-07-30,1458000000.0,2021-04-30,2021-01-29,2020-10-30,1416000000.0,Q2,3,4494000000.0,0.07407407407407418,0.10593220338983045,
NTAP,2022-01-28,2023,Q3,1614000000.0,541000000.0,1073000000.0,321000000.0,252000000.0,220000000.0,,0.6648079306071871,0.19888475836431227,2021-10-29,1566000000.0,2021-07-30,2021-04-30,2021-01-29,1470000000.0,Q3,3,4638000000.0,0.03065134099616862,0.09795918367346945,
NTAP,2022-07-29,2024,Q1,1592000000.0,546000000.0,1046000000.0,255000000.0,214000000.0,240000000.0,,0.657035175879397,0.16017587939698494,2022-01-28,1614000000.0,2021-10-29,2021-07-30,2021-04-30,,Q4,4,6230000000.0,,,
NTAP,2022-10-28,2024,Q2,1663000000.0,576000000.0,1087000000.0,282000000.0,750000000.0,243000000.0,,0.6536380036079374,0.16957306073361395,2022-07-29,1592000000.0,2022-01-28,2021-10-29,2021-07-30,1458000000.0,Q1,4,6435000000.0,0.04459798994974884,,
NTAP,2023-01-27,2024,Q3,1526000000.0,525000000.0,1001000000.0,172000000.0,65000000.0,230000000.0,,0.6559633027522935,0.1127129750982962,2022-10-28,1663000000.0,2022-07-29,2022-01-28,2021-10-29,1566000000.0,Q2,4,6395000000.0,-0.08238123872519543,,
NTAP,2023-07-28,2025,Q1,1432000000.0,436000000.0,996000000.0,178000000.0,149000000.0,247000000.0,,0.6955307262569832,0.12430167597765363,2023-01-27,1526000000.0,2022-10-28,2022-07-29,2022-01-28,1614000000.0,Q3,4,6213000000.0,,,
NTAP,2023-10-27,2025,Q2,1562000000.0,452000000.0,1110000000.0,304000000.0,233000000.0,262000000.0,,0.7106274007682458,0.1946222791293214,2023-07-28,1432000000.0,2023-01-27,2022-10-28,2022-07-29,1592000000.0,Q1,4,6183000000.0,0.09078212290502785,,
NTAP,2024-01-26,2025,Q3,1606000000.0,455000000.0,1151000000.0,366000000.0,313000000.0,249000000.0,,0.7166874221668742,0.22789539227895392,2023-10-27,1562000000.0,2023-07-28,2023-01-27,2022-10-28,1663000000.0,Q2,4,6126000000.0,0.028169014084507005,,
NTAP,2024-07-26,2025,Q1,1541000000.0,443000000.0,1098000000.0,282000000.0,248000000.0,252000000.0,,0.7125243348475017,0.18299805321219986,2024-01-26,1606000000.0,2023-10-27,2023-07-28,2023-01-27,1526000000.0,Q3,4,6141000000.0,,,
NTAP,2024-10-25,2025,Q2,1658000000.0,481000000.0,1177000000.0,345000000.0,299000000.0,257000000.0,,0.7098914354644149,0.2080820265379976,2024-07-26,1541000000.0,2024-01-26,2023-10-27,2023-07-28,1432000000.0,Q1,4,6367000000.0,0.07592472420506158,,
NTAP,2025-01-24,2026,Q3,1641000000.0,496000000.0,1145000000.0,362000000.0,299000000.0,247000000.0,,0.6977452772699574,0.2205971968312005,2024-10-25,1658000000.0,2024-07-26,2024-01-26,2023-10-27,1562000000.0,Q2,4,6446000000.0,-0.010253317249698468,,
NTAP,2025-04-25,2026,Q4,1732000000.0,539000000.0,1193000000.0,348000000.0,340000000.0,256000000.0,,0.6887990762124712,0.20092378752886836,2025-01-24,1641000000.0,2024-10-25,2024-07-26,2024-01-26,1606000000.0,Q3,4,6572000000.0,0.05545399146861674,,6572000000.0
NTAP,2025-07-25,2026,Q1,1559000000.0,461000000.0,1098000000.0,309000000.0,233000000.0,242000000.0,,0.7042976266837716,0.19820397690827454,2025-04-25,1732000000.0,2025-01-24,2024-10-25,2024-07-26,1541000000.0,Q1,4,6590000000.0,-0.09988452655889146,0.011680726800778807,6590000000.0
NTAP,2025-10-24,2025,Q2,1705000000.0,478000000.0,1227000000.0,399000000.0,305000000.0,251000000.0,,0.7196480938416422,0.23401759530791788,2025-07-25,1559000000.0,2025-04-25,2025-01-24,2024-10-25,1658000000.0,Q2,4,6637000000.0,0.09364977549711351,0.028347406513872242,6637000000.0
NTAP,2026-01-23,2026,Q3,1713000000.0,504000000.0,1209000000.0,434000000.0,334000000.0,237000000.0,,0.7057793345008757,0.2533566841798015,2025-10-24,1705000000.0,2025-07-25,2025-04-25,2025-01-24,1641000000.0,Q3,4,6709000000.0,0.004692082111436902,0.04387568555758681,6709000000.0
NTAP,2026-04-24,2026,Q4,1948000000.0,583000000.0,1365000000.0,532000000.0,404000000.0,261000000.0,,0.7007186858316222,0.2731006160164271,2026-01-23,1713000000.0,2025-10-24,2025-07-25,2025-04-25,1732000000.0,Q4,4,6925000000.0,0.1371862230005838,0.12471131639722866,6925000000.0
NTAP,2026-07-31,2026,Q1,2025000000.0,606000000.0,1419000000.0,484000000.0,375000000.0,274000000.0,,0.7007407407407408,0.23901234567901233,2026-04-24,1948000000.0,2026-01-23,2025-10-24,2025-07-25,1559000000.0,Q1,4,7391000000.0,0.03952772073921973,0.29890955740859515,7391000000.0
