company,period_end,margin_value,anomaly_score,anomaly_flag,anomaly_method,metric
HPE,2016-04-30,0.3646726994946527,0.6686917188434173,True,retrospective Isolation Forest; contamination=0.05,gross_margin
HPE,2016-07-31,0.3722673329169269,0.7017207198945841,True,retrospective Isolation Forest; contamination=0.05,gross_margin
HPE,2016-07-31,0.330418488444722,0.8290454986620843,True,retrospective Isolation Forest; contamination=0.05,operating_margin
HPE,2025-04-30,-0.1454044840697522,0.7168919896624726,True,retrospective Isolation Forest; contamination=0.05,operating_margin
DELL,2015-05-01,0.1525653282345443,0.6837059370686565,True,retrospective Isolation Forest; contamination=0.05,gross_margin
DELL,2019-02-01,0.2981838010150581,0.6320290269396476,True,retrospective Isolation Forest; contamination=0.05,gross_margin
DELL,2020-01-31,0.3197403462050599,0.685071404327163,True,retrospective Isolation Forest; contamination=0.05,gross_margin
DELL,2016-10-28,-0.0930633347694959,0.7307026675771399,True,retrospective Isolation Forest; contamination=0.05,operating_margin
DELL,2026-07-31,0.1146452066168487,0.7168495381501846,True,retrospective Isolation Forest; contamination=0.05,operating_margin
CSCO,2014-01-25,0.5334827431645002,0.8533113264021068,True,retrospective Isolation Forest; contamination=0.05,gross_margin
CSCO,2014-10-25,0.598856676194365,0.5914292329789987,True,retrospective Isolation Forest; contamination=0.05,gross_margin
CSCO,2015-01-24,0.5940013404825737,0.6681846456667576,True,retrospective Isolation Forest; contamination=0.05,gross_margin
CSCO,2024-10-26,0.6589841774438263,0.6677636787430445,True,retrospective Isolation Forest; contamination=0.05,gross_margin
CSCO,2011-01-29,0.1618141635437686,0.6716624567127273,True,retrospective Isolation Forest; contamination=0.05,operating_margin
CSCO,2014-01-25,0.1494397131331241,0.7388241614068568,True,retrospective Isolation Forest; contamination=0.05,operating_margin
CSCO,2023-10-28,0.2915189528224707,0.6364781395915636,True,retrospective Isolation Forest; contamination=0.05,operating_margin
IBM,2024-12-31,0.594679275378831,0.6375206996742757,True,retrospective Isolation Forest; contamination=0.05,gross_margin
IBM,2025-06-30,0.5876774459562938,0.6082557627184266,True,retrospective Isolation Forest; contamination=0.05,gross_margin
IBM,2025-12-31,0.605912831453825,0.7225111485455569,True,retrospective Isolation Forest; contamination=0.05,gross_margin
NTAP,2012-01-27,0.5803257745129352,0.6708524311436376,True,retrospective Isolation Forest; contamination=0.05,gross_margin
NTAP,2012-04-27,0.5844346549192364,0.6127218648592074,True,retrospective Isolation Forest; contamination=0.05,gross_margin
NTAP,2025-10-24,0.7196480938416422,0.6651765801711645,True,retrospective Isolation Forest; contamination=0.05,gross_margin
NTAP,2015-07-31,-0.0194756554307116,0.7852074730347647,True,retrospective Isolation Forest; contamination=0.05,operating_margin
NTAP,2018-01-26,0.3183885640025991,0.7558515627658544,True,retrospective Isolation Forest; contamination=0.05,operating_margin
NTAP,2026-04-24,0.2731006160164271,0.6321192735929676,True,retrospective Isolation Forest; contamination=0.05,operating_margin
