company,metric,segment,origin_period_end,target_period_end,training_quarters,model,actual,forecast,absolute_error,squared_error,ape,smape,mase
HPE,revenue,3,2019-10-31,2020-01-31,12,naive,6949000000.0,7215000000.0,266000000.0,7.0756e+16,0.038278889048784,0.037560011296244,1.166201673973695
HPE,revenue,3,2019-10-31,2020-01-31,12,seasonal_naive,6949000000.0,7553000000.0,604000000.0,3.64816e+17,0.0869189811483666,0.0832988553302992,2.648066958947788
HPE,revenue,3,2019-10-31,2020-01-31,12,drift,6949000000.0,7243454545.454545,294454545.454545,8.670347933884272e+16,0.0423736574261829,0.0414945201355393,1.2909525707453149
HPE,revenue,3,2019-10-31,2020-01-31,12,holt_damped,6949000000.0,7223569555.825081,274569555.8250809,7.53884409859822e+16,0.0395120961037675,0.0387466160943595,1.20377246475723
HPE,revenue,3,2019-10-31,2020-01-31,12,arima_110,6949000000.0,7243932440.1585455,294932440.1585455,8.698514425787402e+16,0.0424424291493086,0.0415604655911757,1.29304776474452
HPE,revenue,3,2020-01-31,2020-04-30,13,naive,6009000000.0,6949000000.0,940000000.0,8.836e+17,0.1564320186387086,0.145084117919432,4.064864864864865
HPE,revenue,3,2020-01-31,2020-04-30,13,seasonal_naive,6009000000.0,7150000000.0,1141000000.0,1.301881e+18,0.1898818439008154,0.1734174329356334,4.934054054054054
HPE,revenue,3,2020-01-31,2020-04-30,13,drift,6009000000.0,6952916666.666667,943916666.666667,8.909786736111117e+17,0.1570838187163699,0.1456446127437429,4.081801801801803
HPE,revenue,3,2020-01-31,2020-04-30,13,holt_damped,6009000000.0,6952135554.839801,943135554.8398008,8.89504674802979e+17,0.1569538283973707,0.1455328587297469,4.0784240209288685
HPE,revenue,3,2020-01-31,2020-04-30,13,arima_110,6009000000.0,6956135162.926906,947135162.9269056,8.970650168525761e+17,0.1576194313408064,0.146104942374251,4.0957196234677005
HPE,revenue,3,2020-04-30,2020-07-31,14,naive,6816000000.0,6009000000.0,807000000.0,6.51249e+17,0.1183978873239436,0.1258479532163742,2.823956931359354
HPE,revenue,3,2020-04-30,2020-07-31,14,seasonal_naive,6816000000.0,7217000000.0,401000000.0,1.60801e+17,0.0588321596244131,0.0571510012114302,1.403230148048452
HPE,revenue,3,2020-04-30,2020-07-31,14,drift,6816000000.0,5940307692.307693,875692307.6923075,7.668370177514789e+17,0.1284759841097869,0.1372955762458391,3.0643337819650056
HPE,revenue,3,2020-04-30,2020-07-31,14,holt_damped,6816000000.0,5845523812.060109,970476187.9398907,9.418240313583424e+17,0.1423820698268619,0.153295322481724,3.396013578255338
HPE,revenue,3,2020-04-30,2020-07-31,14,arima_110,6816000000.0,5937217038.587112,878782961.4128876,7.722594932696046e+17,0.1289294250899189,0.1378135350090842,3.0751489901393105
HPE,revenue,3,2020-07-31,2020-10-31,15,naive,7208000000.0,6816000000.0,392000000.0,1.53664e+17,0.0543840177580466,0.0559041642897889,1.213622291021672
HPE,revenue,3,2020-07-31,2020-10-31,15,seasonal_naive,7208000000.0,7215000000.0,7000000.0,49000000000000.0,0.0009711431742508,0.0009706718435831,0.0216718266253869
HPE,revenue,3,2020-07-31,2020-10-31,15,drift,7208000000.0,6809857142.857142,398142857.1428576,1.585177346938779e+17,0.0552362454415729,0.0568050955414013,1.2326404245908902
HPE,revenue,3,2020-07-31,2020-10-31,15,holt_damped,7208000000.0,6668019933.148336,539980066.8516636,2.915784725971271e+17,0.0749139937363573,0.0778292434650816,1.6717649128534475
HPE,revenue,3,2020-07-31,2020-10-31,15,arima_110,7208000000.0,6793114137.861428,414885862.1385717,1.7213027860246595e+17,0.0575590818727208,0.0592646925170974,1.284476353370191
HPE,revenue,3,2020-10-31,2021-01-31,16,naive,6833000000.0,7208000000.0,375000000.0,1.40625e+17,0.0548807258890677,0.0534149989317,1.1446886446886446
HPE,revenue,3,2020-10-31,2021-01-31,16,seasonal_naive,6833000000.0,6949000000.0,116000000.0,1.3456e+16,0.0169764378750182,0.0168335510085618,0.3540903540903541
HPE,revenue,3,2020-10-31,2021-01-31,16,drift,6833000000.0,7228400000.0,395400000.0,1.5634116e+17,0.057866237377433,0.0562390658113701,1.206959706959707
HPE,revenue,3,2020-10-31,2021-01-31,16,holt_damped,6833000000.0,7082136395.387352,249136395.387352,6.206894350660298e+16,0.0364607632646497,0.035807970300591,0.7604896074094993
HPE,revenue,3,2020-10-31,2021-01-31,16,arima_110,6833000000.0,7221839257.588781,388839257.58878136,1.5119596824219466e+17,0.056906081895036,0.0553317260286461,1.1869330207227755
HPE,revenue,3,2021-01-31,2021-04-30,17,naive,6700000000.0,6833000000.0,133000000.0,1.7689e+16,0.0198507462686567,0.0196556565432646,0.4023444885611646
HPE,revenue,3,2021-01-31,2021-04-30,17,seasonal_naive,6700000000.0,6009000000.0,691000000.0,4.77481e+17,0.1031343283582089,0.1087418364938232,2.090376252599736
HPE,revenue,3,2021-01-31,2021-04-30,17,drift,6700000000.0,6828687500.0,128687500.0,1.656047265625e+16,0.0192070895522388,0.0190243879903353,0.3892985441482322
HPE,revenue,3,2021-01-31,2021-04-30,17,holt_damped,6700000000.0,6899593117.295976,199593117.2959757,3.983741247192511e+16,0.029790017506862,0.0293528071868757,0.6037984263066006
HPE,revenue,3,2021-01-31,2021-04-30,17,arima_110,6700000000.0,6834998916.530558,134998916.53055763,1.8224707464424468e+16,0.0201490920194862,0.0199481237291686,0.4083915039684103
HPE,revenue,3,2021-04-30,2021-07-31,18,naive,6897000000.0,6700000000.0,197000000.0,3.8809e+16,0.0285631433956792,0.0289769802162241,0.6176687569162671
HPE,revenue,3,2021-04-30,2021-07-31,18,seasonal_naive,6897000000.0,6816000000.0,81000000.0,6561000000000000.0,0.0117442366246194,0.0118136075257055,0.2539653264478053
HPE,revenue,3,2021-04-30,2021-07-31,18,drift,6897000000.0,6688117647.058824,208882352.9411764,4.363183737024219e+16,0.0302859725882523,0.0307516443166613,0.6549243821468091
HPE,revenue,3,2021-04-30,2021-07-31,18,holt_damped,6897000000.0,6765855883.47547,131144116.5245304,1.719877929899961e+16,0.0190146609430956,0.0191971748283084,0.4111859057390293
HPE,revenue,3,2021-04-30,2021-07-31,18,arima_110,6897000000.0,6689931092.282121,207068907.7178793,4.287753254347561e+16,0.0300230401214846,0.0304806002638082,0.6492385524168108
DELL,revenue,1,2018-02-02,2018-05-04,12,naive,21356000000.0,21963000000.0,607000000.0,3.68449e+17,0.0284229256415059,0.0280246543087328,0.4422147162063712
DELL,revenue,1,2018-02-02,2018-05-04,12,seasonal_naive,21356000000.0,18000000000.0,3356000000.0,1.1262736e+19,0.1571455328713242,0.1705457871734932,2.444930127823034
DELL,revenue,1,2018-02-02,2018-05-04,12,drift,21356000000.0,22818545454.545456,1462545454.545456,2.1390392066115743e+18,0.0684840538745765,0.0662166611787949,1.0655010265580511
DELL,revenue,1,2018-02-02,2018-05-04,12,holt_damped,21356000000.0,21924480343.366177,568480343.3661766,3.231699007937261e+17,0.0266192331600569,0.0262695949239071,0.414152180742297
DELL,revenue,1,2018-02-02,2018-05-04,12,arima_110,21356000000.0,22745698624.7356,1389698624.7355957,1.931262267592006e+18,0.0650729829900541,0.0630224534687717,1.0124302849255946
DELL,revenue,1,2018-05-04,2018-08-03,13,naive,22942000000.0,21356000000.0,1586000000.0,2.515396e+18,0.0691308517130154,0.0716059415774978,1.211766203998472
DELL,revenue,1,2018-05-04,2018-08-03,13,seasonal_naive,22942000000.0,19521000000.0,3421000000.0,1.1703241e+19,0.1491151599686165,0.1611285118809316,2.6137781739462627
DELL,revenue,1,2018-05-04,2018-08-03,13,drift,22942000000.0,22089666666.666668,852333333.3333321,7.26472111111109e+17,0.0371516578037369,0.0378548428883377,0.6512160957595814
DELL,revenue,1,2018-05-04,2018-08-03,13,holt_damped,22942000000.0,22534518989.629414,407481010.3705864,1.6604077381263395e+17,0.0177613551726347,0.0179205013674643,0.3113314736054398
DELL,revenue,1,2018-05-04,2018-08-03,13,arima_110,22942000000.0,22157260353.87587,784739646.1241302,6.158163121990252e+17,0.0342053720741055,0.034800555040885,0.5995718676613755
DELL,revenue,1,2018-08-03,2018-11-02,14,naive,22482000000.0,22942000000.0,460000000.0,2.116e+17,0.0204608130949203,0.0202536104262064,0.345824658801758
DELL,revenue,1,2018-08-03,2018-11-02,14,seasonal_naive,22482000000.0,19556000000.0,2926000000.0,8.561476e+18,0.1301485632950805,0.1392073837956134,2.199745547073791
DELL,revenue,1,2018-08-03,2018-11-02,14,drift,22482000000.0,23741230769.23077,1259230769.23077,1.585662130177517e+18,0.0560106204621817,0.054484757913936,0.9466805459171878
DELL,revenue,1,2018-08-03,2018-11-02,14,holt_damped,22482000000.0,23543589807.48983,1061589807.48983,1.1269729193662944e+18,0.0472195448576563,0.0461304162284553,0.7980955064404227
DELL,revenue,1,2018-08-03,2018-11-02,14,arima_110,22482000000.0,23692784285.638992,1210784285.6389923,1.465998586350325e+18,0.0538557194928828,0.0524435275387117,0.9102588314426844
DELL,revenue,1,2018-11-02,2019-02-01,15,naive,23841000000.0,22482000000.0,1359000000.0,1.846881e+18,0.0570026425066062,0.0586749562852146,1.0717665615141956
DELL,revenue,1,2018-11-02,2019-02-01,15,seasonal_naive,23841000000.0,21963000000.0,1878000000.0,3.526884e+18,0.0787718635963256,0.0820015719151165,1.4810725552050472
DELL,revenue,1,2018-11-02,2019-02-01,15,drift,23841000000.0,23191285714.285717,649714285.7142868,4.221286530612259e+17,0.027251972891837,0.0276284376082083,0.5123929698062198
DELL,revenue,1,2018-11-02,2019-02-01,15,holt_damped,23841000000.0,24157046033.26202,316046033.2620201,9.988509514065792e+16,0.0132564084250669,0.0131691208030845,0.2492476603012776
DELL,revenue,1,2018-11-02,2019-02-01,15,arima_110,23841000000.0,23261655031.68633,579344968.3136711,3.356405923103686e+17,0.0243003635885101,0.0245992489350734,0.4568966627079425
DELL,revenue,1,2019-02-01,2019-05-03,16,naive,21908000000.0,23841000000.0,1933000000.0,3.736489e+18,0.0882326090925689,0.0845045793350674,1.5171890534247292
DELL,revenue,1,2019-02-01,2019-05-03,16,seasonal_naive,21908000000.0,21356000000.0,552000000.0,3.04704e+17,0.0251962753332116,0.0255177514792899,0.4332583328972842
DELL,revenue,1,2019-02-01,2019-05-03,16,drift,21908000000.0,24593600000.0,2685600000.0,7.21244736e+18,0.1225853569472338,0.1155057030295731,2.107895976139396
DELL,revenue,1,2019-02-01,2019-05-03,16,holt_damped,21908000000.0,24986981221.35074,3078981221.3507385,9.480125361430485e+18,0.1405414105053286,0.131313890790041,2.4166562880153357
DELL,revenue,1,2019-02-01,2019-05-03,16,arima_110,21908000000.0,24552738144.26756,2644738144.267559,6.994639851743812e+18,0.1207202001217618,0.1138483050379118,2.0758239843029345
DELL,revenue,1,2019-05-03,2019-08-02,17,naive,23370000000.0,21908000000.0,1462000000.0,2.137444e+18,0.0625588361146769,0.0645788241530102,1.1115757460558828
DELL,revenue,1,2019-05-03,2019-08-02,17,seasonal_naive,23370000000.0,22942000000.0,428000000.0,1.83184e+17,0.0183140778776208,0.0184833304543098,0.3254134195019958
DELL,revenue,1,2019-05-03,2019-08-02,17,drift,23370000000.0,22492750000.0,877250000.0,7.695675625e+17,0.0375374411638853,0.0382554469585883,0.6669834632199202
DELL,revenue,1,2019-05-03,2019-08-02,17,holt_damped,23370000000.0,25085717800.97353,1715717800.973526,2.943687572577432e+18,0.0734153958482467,0.0708159069284927,1.3044803656898123
DELL,revenue,1,2019-05-03,2019-08-02,17,arima_110,23370000000.0,22652893415.805702,717106584.1942978,5.142418530948135e+17,0.0306849201623576,0.0311630378262145,0.5452245460515475
DELL,revenue,1,2019-08-02,2019-11-01,18,naive,22844000000.0,23370000000.0,526000000.0,2.76676e+17,0.0230257398003852,0.0227636646903535,0.3973162712165645
DELL,revenue,1,2019-08-02,2019-11-01,18,seasonal_naive,22844000000.0,22482000000.0,362000000.0,1.31044e+17,0.015846611801786,0.0159731721307858,0.2734381942593086
DELL,revenue,1,2019-08-02,2019-11-01,18,drift,22844000000.0,24006352941.17647,1162352941.1764717,1.3510643598615944e+18,0.0508821984405739,0.0496198157839228,0.8779880920643393
DELL,revenue,1,2019-08-02,2019-11-01,18,holt_damped,22844000000.0,25286910855.453358,2442910855.453354,5.967813447691837e+18,0.1069388397589456,0.1015111001239888,1.8452627984851604
DELL,revenue,1,2019-08-02,2019-11-01,18,arima_110,22844000000.0,23942595915.149647,1098595915.1496468,1.2069129847834898e+18,0.0480912237414483,0.0469619938643118,0.8298289592794809
DELL,revenue,1,2019-11-01,2020-01-31,19,naive,24032000000.0,22844000000.0,1188000000.0,1.411344e+18,0.0494340878828229,0.0506869186790681,0.9284473775616532
DELL,revenue,1,2019-11-01,2020-01-31,19,seasonal_naive,24032000000.0,23841000000.0,191000000.0,3.6481e+16,0.0079477363515312,0.007979445616527,0.1492705800625217
DELL,revenue,1,2019-11-01,2020-01-31,19,drift,24032000000.0,23415777777.77778,616222222.2222214,3.797298271604928e+17,0.0256417369433347,0.0259747558719527,0.4815908301493567
DELL,revenue,1,2019-11-01,2020-01-31,19,holt_damped,24032000000.0,23674962636.335533,357037363.66446686,1.2747567905247277e+17,0.0148567478222564,0.0149679352419109,0.2790323265873742
DELL,revenue,1,2019-11-01,2020-01-31,19,arima_110,24032000000.0,23500625932.78334,531374067.2166596,2.82358399310375e+17,0.0221111046611459,0.0223582878828568,0.4152801845215297
DELL,revenue,1,2020-01-31,2020-05-01,20,naive,20078000000.0,24032000000.0,3954000000.0,1.5634116e+19,0.1969319653351927,0.1792790750396735,3.101816680429397
DELL,revenue,1,2020-01-31,2020-05-01,20,seasonal_naive,20078000000.0,21908000000.0,1830000000.0,3.3489e+18,0.0911445363083972,0.087171914447673,1.435590421139554
DELL,revenue,1,2020-01-31,2020-05-01,20,drift,20078000000.0,24636210526.31579,4558210526.315788,2.077728320221605e+19,0.2270251283153595,0.2038819638169897,3.5758051197357545
DELL,revenue,1,2020-01-31,2020-05-01,20,holt_damped,20078000000.0,24305813195.185944,4227813195.185944,1.7874404413388378e+19,0.2105694389474023,0.1905114901504006,3.3166164619542906
DELL,revenue,1,2020-01-31,2020-05-01,20,arima_110,20078000000.0,24587859420.987274,4509859420.987274,2.0338831997067678e+19,0.2246169648863071,0.2019376534762572,3.537874855440058
DELL,revenue,1,2020-05-01,2020-07-31,21,naive,20853000000.0,20078000000.0,775000000.0,6.00625e+17,0.0371649163189948,0.0378686081454154,0.5501526229857315
DELL,revenue,1,2020-05-01,2020-07-31,21,seasonal_naive,20853000000.0,23370000000.0,2517000000.0,6.335289e+18,0.1207020572579485,0.113832168780951,1.786753744587208
DELL,revenue,1,2020-05-01,2020-07-31,21,drift,20853000000.0,20454300000.0,398700000.0,1.5896169e+17,0.0191195511437203,0.0193040939494956,0.2830269042379499
DELL,revenue,1,2020-05-01,2020-07-31,21,holt_damped,20853000000.0,21902573479.898808,1049573479.8988076,1.1016044897068924e+18,0.0503320136142908,0.0490964519698119,0.745065294171085
DELL,revenue,1,2020-05-01,2020-07-31,21,arima_110,20853000000.0,20798888989.181606,54111010.81839371,2928001491788321.0,0.0025948789535507,0.0025982500257046,0.0384120187537401
DELL,revenue,1,2020-07-31,2020-10-30,22,naive,21589000000.0,20853000000.0,736000000.0,5.41696e+17,0.03409143545324,0.0346826257009566,0.5339044526581229
DELL,revenue,1,2020-07-31,2020-10-30,22,seasonal_naive,21589000000.0,22844000000.0,1255000000.0,1.575025e+18,0.0581314558339895,0.0564895460581099,0.91039414142112
DELL,revenue,1,2020-07-31,2020-10-30,22,drift,21589000000.0,21248285714.285717,340714285.7142868,1.1608622448979666e+17,0.0157818465753062,0.0159073704149589,0.2471587965041978
DELL,revenue,1,2020-07-31,2020-10-30,22,holt_damped,21589000000.0,21283374293.659225,305625706.34077454,9.340707237629736e+16,0.0141565476094666,0.0142574658565609,0.2217050617691894
DELL,revenue,1,2020-07-31,2020-10-30,22,arima_110,21589000000.0,21217169576.79285,371830423.2071457,1.3825786362240509e+17,0.0172231424895616,0.0173727491566417,0.2697308676413714
DELL,revenue,1,2020-10-30,2021-01-29,23,naive,24150000000.0,21589000000.0,2561000000.0,6.558721e+18,0.1060455486542443,0.1119832090775924,1.897995620683847
DELL,revenue,1,2020-10-30,2021-01-29,23,seasonal_naive,24150000000.0,24032000000.0,118000000.0,1.3924e+16,0.0048861283643892,0.0048980947241708,0.0874515748694627
DELL,revenue,1,2020-10-30,2021-01-29,23,drift,24150000000.0,21999772727.272728,2150227272.727272,4.623477324380162e+18,0.0890363259928477,0.0931847394107131,1.593565773959912
DELL,revenue,1,2020-10-30,2021-01-29,23,holt_damped,24150000000.0,21627902546.610386,2522097453.389614,6.360975564394376e+18,0.1044346771589902,0.1101884233696225,1.8691643582473136
DELL,revenue,1,2020-10-30,2021-01-29,23,arima_110,24150000000.0,21973002238.8977,2176997761.1022987,4.739319251844422e+18,0.0901448348282525,0.09439965550492,1.613405785556698
DELL,revenue,1,2021-01-29,2021-04-30,24,naive,22590000000.0,24150000000.0,1560000000.0,2.4336e+18,0.0690571049136786,0.0667522464698331,1.1126961483594864
DELL,revenue,1,2021-01-29,2021-04-30,24,seasonal_naive,22590000000.0,20078000000.0,2512000000.0,6.310144e+18,0.1111996458610004,0.1177463204274866,1.7917261055634808
DELL,revenue,1,2021-01-29,2021-04-30,24,drift,22590000000.0,24654260869.565216,2064260869.565216,4.261172937618142e+18,0.0913794098966452,0.0873867357249741,1.4723686658810389
DELL,revenue,1,2021-01-29,2021-04-30,24,holt_damped,22590000000.0,23598017767.65804,1008017767.6580392,1.0160998199142964e+18,0.0446223004718034,0.043648453273259,0.7189855689429665
DELL,revenue,1,2021-01-29,2021-04-30,24,arima_110,22590000000.0,24479091739.324577,1889091739.324577,3.568667599584357e+18,0.0836251323295518,0.0802688842940348,1.3474263475924233
DELL,revenue,1,2021-04-30,2021-07-30,25,naive,24191000000.0,22590000000.0,1601000000.0,2.563201e+18,0.0661816377991815,0.0684465915649515,1.1366029698870024
DELL,revenue,1,2021-04-30,2021-07-30,25,seasonal_naive,24191000000.0,20853000000.0,3338000000.0,1.1142244e+19,0.13798520110785,0.1482106384868129,2.369756847896823
DELL,revenue,1,2021-04-30,2021-07-30,25,drift,24191000000.0,23008250000.0,1182750000.0,1.3988975625e+18,0.0488921499731305,0.0501173217794774,0.8396734307519376
DELL,revenue,1,2021-04-30,2021-07-30,25,holt_damped,24191000000.0,23155420710.556717,1035579289.4432868,1.072424464723863e+18,0.0428084531207179,0.0437447762218015,0.7351920649186205
DELL,revenue,1,2021-04-30,2021-07-30,25,arima_110,24191000000.0,23201111473.16692,989888526.833084,9.798792955557734e+17,0.0409197026511133,0.0417744006782036,0.7027546779859795
DELL,revenue,1,2021-07-30,2021-10-29,26,naive,26424000000.0,24191000000.0,2233000000.0,4.986289e+18,0.0845065092340296,0.0882347130297342,1.5766656310898974
DELL,revenue,1,2021-07-30,2021-10-29,26,seasonal_naive,26424000000.0,21589000000.0,4835000000.0,2.3377225e+19,0.182977596124735,0.2014037864744965,3.4138729629734232
DELL,revenue,1,2021-07-30,2021-10-29,26,drift,26424000000.0,24656560000.0,1767440000.0,3.1238441536e+18,0.0668876778686042,0.0692020604316006,1.2479453215465868
DELL,revenue,1,2021-07-30,2021-10-29,26,holt_damped,26424000000.0,24039299637.65997,2384700362.3400307,5.686795818144674e+18,0.0902475159831982,0.0945122645353284,1.6837774750332073
DELL,revenue,1,2021-07-30,2021-10-29,26,arima_110,26424000000.0,24532151198.44488,1891848801.5551183,3.5790918879455386e+18,0.0715958523143777,0.0742539912085375,1.3357872748009705
DELL,revenue,1,2021-10-29,2022-01-28,27,naive,27992000000.0,26424000000.0,1568000000.0,2.458624e+18,0.056016004572735,0.0576301087915319,1.0831030818278429
DELL,revenue,1,2021-10-29,2022-01-28,27,seasonal_naive,27992000000.0,24150000000.0,3842000000.0,1.4760964e+19,0.1372535010002858,0.1473668060296881,2.653878852284804
DELL,revenue,1,2021-10-29,2022-01-28,27,drift,27992000000.0,26957538461.53846,1034461538.4615402,1.0701106745562168e+18,0.0369556136918241,0.0376513276516636,0.7145589798087153
DELL,revenue,1,2021-10-29,2022-01-28,27,holt_damped,27992000000.0,25976259945.27913,2015740054.720871,4.0632079682061e+18,0.0720112908945724,0.0747009466958809,1.3923815468316325
DELL,revenue,1,2021-10-29,2022-01-28,27,arima_110,27992000000.0,26780362842.968224,1211637157.0317764,1.4680646003000456e+18,0.0432851227862166,0.0442426469898889,0.8369438385447977
DELL,revenue,1,2022-01-28,2022-04-29,28,naive,26116000000.0,27992000000.0,1876000000.0,3.519376e+18,0.0718333588604686,0.069342795889702,1.2918792083248318
DELL,revenue,1,2022-01-28,2022-04-29,28,seasonal_naive,26116000000.0,22590000000.0,3526000000.0,1.2432676e+19,0.1350130188390259,0.1447870898862563,2.4281269128749234
DELL,revenue,1,2022-01-28,2022-04-29,28,drift,26116000000.0,28563851851.85185,2447851851.8518524,5.991978688614543e+18,0.0937299682896252,0.0895339606436388,1.6856763925729448
DELL,revenue,1,2022-01-28,2022-04-29,28,holt_damped,26116000000.0,27998552613.9215,1882552613.9215007,3.5440043441826765e+18,0.0720842630541239,0.0695765749872316,1.2963915674321704
DELL,revenue,1,2022-01-28,2022-04-29,28,arima_110,26116000000.0,28466814309.56496,2350814309.5649605,5.526327918055382e+18,0.0900143325763884,0.0861375265933478,1.6188529473131488
DELL,revenue,1,2022-04-29,2022-07-29,29,naive,26425000000.0,26116000000.0,309000000.0,9.5481e+16,0.011693472090823,0.011762242819893,0.2105929315548632
DELL,revenue,1,2022-04-29,2022-07-29,29,seasonal_naive,26425000000.0,24191000000.0,2234000000.0,4.990756e+18,0.0845411542100283,0.0882724830093251,1.5225391880050627
DELL,revenue,1,2022-04-29,2022-07-29,29,drift,26425000000.0,26600428571.42857,175428571.4285698,3.0775183673468816e+16,0.0066387349641842,0.0066167714681365,0.1195599260052564
DELL,revenue,1,2022-04-29,2022-07-29,29,holt_damped,26425000000.0,27012089745.2117,587089745.2117004,3.446743689327393e+17,0.022217208901105,0.021973118222229,0.4001195810030087
DELL,revenue,1,2022-04-29,2022-07-29,29,arima_110,26425000000.0,26841657022.43878,416657022.43878174,1.7360307434755146e+17,0.015767531596548,0.0156441964159028,0.2839644783440241
DELL,revenue,1,2022-07-29,2022-10-28,30,naive,24721000000.0,26425000000.0,1704000000.0,2.903616e+18,0.0689292504348529,0.0666327767567356,1.1938250428816466
DELL,revenue,1,2022-07-29,2022-10-28,30,seasonal_naive,24721000000.0,26424000000.0,1703000000.0,2.900209e+18,0.0688887989968043,0.0665949750708769,1.19312444133066
DELL,revenue,1,2022-07-29,2022-10-28,30,drift,24721000000.0,26903379310.344826,2182379310.3448257,4.762779454221157e+18,0.0882803814710095,0.0845483990122281,1.5289783296692665
DELL,revenue,1,2022-07-29,2022-10-28,30,holt_damped,24721000000.0,26863258565.79687,2142258565.7968712,4.589271762730068e+18,0.0866574396584633,0.0830586161499005,1.500869673812221
DELL,revenue,1,2022-07-29,2022-10-28,30,arima_110,24721000000.0,26919897726.644917,2198897726.6449127,4.835151212244166e+18,0.0889485751646338,0.0851610960864593,1.5405511577489543
DELL,revenue,2,2026-01-30,2026-05-01,12,naive,43842000000.0,33379000000.0,10463000000.0,1.09474369e+20,0.2386524337393367,0.2709884616878828,5.045946775395677
DELL,revenue,2,2026-01-30,2026-05-01,12,seasonal_naive,43842000000.0,23378000000.0,20464000000.0,4.18775296e+20,0.4667670270516856,0.6088664088069027,9.869086763996668
DELL,revenue,2,2026-01-30,2026-05-01,12,drift,43842000000.0,34511454545.454544,9330545454.545456,8.705907847933886e+19,0.2128220759670055,0.2381655157050568,4.4998027094567945
DELL,revenue,2,2026-01-30,2026-05-01,12,holt_damped,43842000000.0,29452262125.50968,14389737874.490318,2.0706455609654116e+20,0.3282180985012161,0.3926565997717315,6.939678048989149
DELL,revenue,2,2026-01-30,2026-05-01,12,arima_110,43842000000.0,34159843934.24821,9682156065.751783,9.37441460815741e+19,0.220842025130053,0.2482545431596046,4.669372472413067
DELL,revenue,2,2026-05-01,2026-07-31,13,naive,46971000000.0,43842000000.0,3129000000.0,9.790641e+18,0.0666155713099572,0.0689108387565656,1.1285164703053618
DELL,revenue,2,2026-05-01,2026-07-31,13,seasonal_naive,46971000000.0,29776000000.0,17195000000.0,2.95668025e+20,0.3660769410913116,0.4480956910367832,6.201610964174081
DELL,revenue,2,2026-05-01,2026-07-31,13,drift,46971000000.0,45752000000.0,1219000000.0,1.485961e+18,0.0259521832620127,0.0262933684199173,0.4396489540754989
DELL,revenue,2,2026-05-01,2026-07-31,13,holt_damped,46971000000.0,47495510729.94824,524510729.9482422,2.7511150583083782e+17,0.011166692851935,0.0111046915122685,0.189171939149402
DELL,revenue,2,2026-05-01,2026-07-31,13,arima_110,46971000000.0,45811327702.33246,1159672297.6675415,1.344839837977515e+18,0.024689112381417,0.0249976978673792,0.4182516101229411
CSCO,revenue,1,2011-07-30,2011-10-29,12,naive,11256000000.0,11195000000.0,61000000.0,3721000000000000.0,0.0054193319118692,0.0054340563894704,0.1107260726072607
CSCO,revenue,1,2011-07-30,2011-10-29,12,seasonal_naive,11256000000.0,10750000000.0,506000000.0,2.56036e+17,0.0449538024164889,0.0459874579660092,0.9184818481848184
CSCO,revenue,1,2011-07-30,2011-10-29,12,drift,11256000000.0,11273545454.545454,17545454.545454025,307842975206593.3,0.001558764618466,0.0015575506910117,0.0318481848184809
CSCO,revenue,1,2011-07-30,2011-10-29,12,holt_damped,11256000000.0,11222954001.097015,33045998.90298271,1092038043495934.6,0.0029358563346644,0.0029401722963951,0.0599844864575593
CSCO,revenue,1,2011-07-30,2011-10-29,12,arima_110,11256000000.0,11246908892.18756,9091107.812440872,82648241257423.45,0.0008076677161017,0.0008079940114406,0.0165020108806682
CSCO,revenue,1,2011-10-29,2012-01-28,13,naive,11527000000.0,11256000000.0,271000000.0,7.3441e+16,0.0235100199531534,0.0237896677347144,0.5312857376245712
CSCO,revenue,1,2011-10-29,2012-01-28,13,seasonal_naive,11527000000.0,10407000000.0,1120000000.0,1.2544e+18,0.0971631820942135,0.1021245554846357,2.195719653651364
CSCO,revenue,1,2011-10-29,2012-01-28,13,drift,11527000000.0,11333083333.333334,193916666.66666603,3.760367361111086e+16,0.0168228217807465,0.0169655257891301,0.3801666394379991
CSCO,revenue,1,2011-10-29,2012-01-28,13,holt_damped,11527000000.0,11432824753.35299,94175246.6470108,8868977081025320.0,0.0081699702131526,0.0082034813121348,0.1846271785270592
CSCO,revenue,1,2011-10-29,2012-01-28,13,arima_110,11527000000.0,11334790841.388832,192209158.6111679,3.69443606540131e+16,0.0166746906056361,0.0168148820837949,0.3768191314056551
CSCO,revenue,1,2012-01-28,2012-04-28,14,naive,11588000000.0,11527000000.0,61000000.0,3721000000000000.0,0.0052640662754573,0.0052779580359074,0.1240613266583229
CSCO,revenue,1,2012-01-28,2012-04-28,14,seasonal_naive,11588000000.0,10866000000.0,722000000.0,5.21284e+17,0.0623058336209872,0.0643092544758172,1.468397997496871
CSCO,revenue,1,2012-01-28,2012-04-28,14,drift,11588000000.0,11619000000.0,31000000.0,961000000000000.0,0.0026751812219537,0.0026716077045718,0.0630475594493116
CSCO,revenue,1,2012-01-28,2012-04-28,14,holt_damped,11588000000.0,11680073951.424671,92073951.42467116,8477612530952707.0,0.0079456292220116,0.0079141876217935,0.1872592879412899
CSCO,revenue,1,2012-01-28,2012-04-28,14,arima_110,11588000000.0,11599687428.100166,11687428.10016632,136595975596557.31,0.0010085802640806,0.0010080719033673,0.0237698005791868
CSCO,revenue,5,2018-07-28,2018-10-27,12,naive,13072000000.0,12844000000.0,228000000.0,5.1984e+16,0.0174418604651162,0.0175953079178885,0.5851609892673821
CSCO,revenue,5,2018-07-28,2018-10-27,12,seasonal_naive,13072000000.0,12136000000.0,936000000.0,8.76096e+17,0.0716034271725826,0.0742621390034909,2.402239850676622
CSCO,revenue,5,2018-07-28,2018-10-27,12,drift,13072000000.0,12858727272.727272,213272727.272728,4.54852561983474e+16,0.0163152331144987,0.0164494211851156,0.5473635090993951
CSCO,revenue,5,2018-07-28,2018-10-27,12,holt_damped,13072000000.0,12166287151.056225,905712848.9437752,8.203157647418497e+17,0.0692864786523695,0.0717729252799844,2.324508011754906
CSCO,revenue,5,2018-07-28,2018-10-27,12,arima_110,13072000000.0,12836526975.834255,235473024.16574287,5.544754510976053e+16,0.0180135422403414,0.0181772606667585,0.6043404726605627
CSCO,revenue,5,2018-10-27,2019-01-26,13,naive,12446000000.0,13072000000.0,626000000.0,3.91876e+17,0.0502972842680379,0.0490634062230582,1.6641559592379265
CSCO,revenue,5,2018-10-27,2019-01-26,13,seasonal_naive,12446000000.0,11887000000.0,559000000.0,3.12481e+17,0.0449140286035674,0.0459458348744503,1.48604342046965
CSCO,revenue,5,2018-10-27,2019-01-26,13,drift,12446000000.0,13104500000.0,658500000.0,4.3362225e+17,0.0529085650008034,0.0515449795503023,1.7505538325210457
CSCO,revenue,5,2018-10-27,2019-01-26,13,holt_damped,12446000000.0,12863252935.289568,417252935.289568,1.741000120077604e+17,0.033525063095739,0.0329723628236989,1.1092235763125422
CSCO,revenue,5,2018-10-27,2019-01-26,13,arima_110,12446000000.0,13092451133.21666,646451133.2166595,4.178990676371033e+17,0.0519404735028651,0.0506257117821723,1.7185231720425154
CSCO,revenue,5,2019-01-26,2019-04-27,14,naive,12958000000.0,12446000000.0,512000000.0,2.62144e+17,0.0395122704121006,0.0403086128168792,1.2949416342412452
CSCO,revenue,5,2019-01-26,2019-04-27,14,seasonal_naive,12958000000.0,12463000000.0,495000000.0,2.45025e+17,0.0382003395585738,0.0389441800086542,1.2519455252918288
CSCO,revenue,5,2019-01-26,2019-04-27,14,drift,12958000000.0,12427846153.846151,530153846.15384674,2.810631005917166e+17,0.0409132463461835,0.0417676718704548,1.340856031128406
CSCO,revenue,5,2019-01-26,2019-04-27,14,holt_damped,12958000000.0,12247323722.031046,710676277.9689541,5.050607720678061e+17,0.0548445962315908,0.0563909661154463,1.7974302750187556
CSCO,revenue,5,2019-01-26,2019-04-27,14,arima_110,12958000000.0,12463097921.148556,494902078.8514442,2.4492806765148115e+17,0.0381927827482207,0.0389363260695141,1.2516978647993726
CSCO,revenue,5,2019-04-27,2019-07-27,15,naive,13428000000.0,12958000000.0,470000000.0,2.209e+17,0.0350014894250819,0.0356249526263927,1.1641896673743808
CSCO,revenue,5,2019-04-27,2019-07-27,15,seasonal_naive,13428000000.0,12844000000.0,584000000.0,3.41056e+17,0.0434912123920166,0.0444579780755176,1.4465675866949752
CSCO,revenue,5,2019-04-27,2019-07-27,15,drift,13428000000.0,12977714285.714285,450285714.2857151,2.0275722448979664e+17,0.0335333418443338,0.0341051720406839,1.1153573956121747
CSCO,revenue,5,2019-04-27,2019-07-27,15,holt_damped,13428000000.0,12757110667.348316,670889332.6516838,4.500924966658216e+17,0.049961969962145,0.051242046762724,1.6617924021803916
CSCO,revenue,5,2019-04-27,2019-07-27,15,arima_110,13428000000.0,12946637949.58551,481362050.41448975,2.3170942357924176e+17,0.03584763556855,0.0365018887716754,1.1923334582099887
CSCO,revenue,5,2019-07-27,2019-10-26,16,naive,13159000000.0,13428000000.0,269000000.0,7.2361e+16,0.0204422828482407,0.0202354534170835,0.6590983338778177
CSCO,revenue,5,2019-07-27,2019-10-26,16,seasonal_naive,13159000000.0,13072000000.0,87000000.0,7569000000000000.0,0.0066114446386503,0.0066333727269261,0.2131656321463574
CSCO,revenue,5,2019-07-27,2019-10-26,16,drift,13159000000.0,13477733333.333334,318733333.333334,1.0159093777777818e+17,0.0242216987106416,0.0239318635167976,0.7809539366220205
CSCO,revenue,5,2019-07-27,2019-10-26,16,holt_damped,13159000000.0,13276532969.462862,117532969.462862,1.3813998910758054e+16,0.0089317554117229,0.0088920446278598,0.2879768934895345
CSCO,revenue,5,2019-07-27,2019-10-26,16,arima_110,13159000000.0,13450714136.529877,291714136.5298767,8.509713745137155e+16,0.0221684122296433,0.0219253867240468,0.7147520496485056
CSCO,revenue,5,2019-10-26,2020-01-25,17,naive,12005000000.0,13159000000.0,1154000000.0,1.331716e+18,0.0961266139108704,0.0917183277698299,2.889062744484431
CSCO,revenue,5,2019-10-26,2020-01-25,17,seasonal_naive,12005000000.0,12446000000.0,441000000.0,1.94481e+17,0.036734693877551,0.0360721442885771,1.104052573932092
CSCO,revenue,5,2019-10-26,2020-01-25,17,drift,12005000000.0,13188812500.0,1183812500.0,1.40141203515625e+18,0.0986099541857559,0.093976447590058,2.963698951650759
CSCO,revenue,5,2019-10-26,2020-01-25,17,holt_damped,12005000000.0,13312235874.32193,1307235874.32193,1.7088656311142203e+18,0.1088909516303148,0.1032684516438698,3.272691908801577
CSCO,revenue,5,2019-10-26,2020-01-25,17,arima_110,12005000000.0,13207727518.566128,1202727518.5661278,1.4465534839162353e+18,0.100185549234996,0.0954063789949313,3.011053089822883
CSCO,revenue,5,2020-01-25,2020-04-25,18,naive,11983000000.0,12005000000.0,22000000.0,484000000000000.0,0.0018359342401735,0.0018342504585626,0.0495692511597084
CSCO,revenue,5,2020-01-25,2020-04-25,18,seasonal_naive,11983000000.0,12958000000.0,975000000.0,9.50625e+17,0.0813652674622381,0.0781845154564772,2.196819085487077
CSCO,revenue,5,2020-01-25,2020-04-25,18,drift,11983000000.0,11965176470.588236,17823529.411764145,317678200692021.5,0.0014874012694453,0.0014885082739935,0.0401590457256448
CSCO,revenue,5,2020-01-25,2020-04-25,18,holt_damped,11983000000.0,12658595518.527908,675595518.5279083,4.564293046549933e+17,0.0563794974987823,0.0548337479218771,1.5222165427401513
CSCO,revenue,5,2020-01-25,2020-04-25,18,arima_110,11983000000.0,12026560042.76102,43560042.76101875,1897477325341782.5,0.0036351533640172,0.0036285581812776,0.0981472136431171
CSCO,revenue,5,2020-04-25,2020-07-25,19,naive,12154000000.0,11983000000.0,171000000.0,2.9241e+16,0.01406944215896,0.0141691179516924,0.4067662217523457
CSCO,revenue,5,2020-04-25,2020-07-25,19,seasonal_naive,12154000000.0,13428000000.0,1274000000.0,1.623076e+18,0.1048214579562284,0.0996012821515127,3.030527289546716
CSCO,revenue,5,2020-04-25,2020-07-25,19,drift,12154000000.0,11944166666.666666,209833333.333334,4.403002777777805e+16,0.0172645493938895,0.0174148794168298,0.4991410070040982
CSCO,revenue,5,2020-04-25,2020-07-25,19,holt_damped,12154000000.0,12211904935.686651,57904935.68665314,3352981576875436.0,0.0047642698442202,0.004752947681565,0.1377413561992541
CSCO,revenue,5,2020-04-25,2020-07-25,19,arima_110,12154000000.0,11943242749.732853,210757250.26714897,4.441861854016966e+16,0.0173405669135386,0.0174922295016084,0.501338774257788
CSCO,revenue,5,2020-07-25,2020-10-24,20,naive,11929000000.0,12154000000.0,225000000.0,5.0625e+16,0.0188615977869058,0.0186853797284391,0.5524683380718532
CSCO,revenue,5,2020-07-25,2020-10-24,20,seasonal_naive,11929000000.0,13159000000.0,1230000000.0,1.5129e+18,0.103110067901752,0.0980548469387755,3.020160248126131
CSCO,revenue,5,2020-07-25,2020-10-24,20,drift,11929000000.0,12126210526.31579,197210526.31579015,3.889199168975097e+16,0.0165320250076108,0.0163964914046415,0.4842336521064892
CSCO,revenue,5,2020-07-25,2020-10-24,20,holt_damped,11929000000.0,12168281267.773142,239281267.77314183,5.725552510712202e+16,0.0200587868030129,0.0198596069916939,0.5875347748371279
CSCO,revenue,5,2020-07-25,2020-10-24,20,arima_110,11929000000.0,12115117600.690798,186117600.6907978,3.463976128689926e+16,0.0156021125568612,0.015481341738692,0.456995917953626
CSCO,revenue,5,2020-10-24,2021-01-23,21,naive,11960000000.0,11929000000.0,31000000.0,961000000000000.0,0.0025919732441471,0.0025953367658755,0.0778601029762652
CSCO,revenue,5,2020-10-24,2021-01-23,21,seasonal_naive,11960000000.0,12005000000.0,45000000.0,2025000000000000.0,0.00376254180602,0.0037554767369079,0.1130227301268366
CSCO,revenue,5,2020-10-24,2021-01-23,21,drift,11960000000.0,11891350000.0,68650000.0,4712822500000000.0,0.0057399665551839,0.0057564875782712,0.1724224538490518
CSCO,revenue,5,2020-10-24,2021-01-23,21,holt_damped,11960000000.0,12013858739.816095,53858739.81609535,2900763854577855.0,0.0045032391150581,0.0044931223129838,0.1352724847823568
CSCO,revenue,5,2020-10-24,2021-01-23,21,arima_110,11960000000.0,11901689362.446465,58310637.55353546,3400130451899780.0,0.0048754713673524,0.0048873855214379,0.1464539433719338
CSCO,revenue,5,2021-01-23,2021-05-01,22,naive,12803000000.0,11960000000.0,843000000.0,7.10649e+17,0.0658439428259001,0.0680854500666316,2.214535901926445
CSCO,revenue,5,2021-01-23,2021-05-01,22,seasonal_naive,12803000000.0,11983000000.0,820000000.0,6.724e+17,0.0640474888697961,0.0661663842491729,2.154115586690017
CSCO,revenue,5,2021-01-23,2021-05-01,22,drift,12803000000.0,11925619047.619047,877380952.3809528,7.697973356009078e+17,0.0685293253441344,0.0709607722688768,2.304853640230174
CSCO,revenue,5,2021-01-23,2021-05-01,22,holt_damped,12803000000.0,11978977631.828695,824022368.1713047,6.790128632466452e+17,0.0643616627486764,0.0665017441637081,2.1646822281207654
CSCO,revenue,5,2021-01-23,2021-05-01,22,arima_110,12803000000.0,11921988415.216965,881011584.7830372,7.761814125219187e+17,0.0688129020372598,0.0712648734137177,2.314391203458066
NTAP,revenue,1,2012-04-27,2012-07-27,12,naive,1444600000.0,1702500000.0,257900000.0,6.651241e+16,0.1785269278693063,0.1638969209748657,3.1503609106052197
NTAP,revenue,1,2012-04-27,2012-07-27,12,seasonal_naive,1444600000.0,1458200000.0,13600000.0,184960000000000.0,0.0094143707600719,0.0093702631941573,0.1661299278178789
NTAP,revenue,1,2012-04-27,2012-07-27,12,drift,1444600000.0,1781090909.090909,336490909.090909,1.1322613190082638e+17,0.2329301599687865,0.2086318364494146,4.110383120488617
NTAP,revenue,1,2012-04-27,2012-07-27,12,holt_damped,1444600000.0,1731712084.0702083,287112084.0702083,8.243334881913837e+16,0.1987485006716103,0.1807832961440586,3.5071992501635663
NTAP,revenue,1,2012-04-27,2012-07-27,12,arima_110,1444600000.0,1779331551.8771508,334731551.8771508,1.1204521182208568e+17,0.2317122745930712,0.2076542547451118,4.088891805273358
NTAP,revenue,1,2012-07-27,2012-10-26,13,naive,1541200000.0,1444600000.0,96600000.0,9331560000000000.0,0.0626784323903451,0.0647062763748409,1.0006906077348068
NTAP,revenue,1,2012-07-27,2012-10-26,13,seasonal_naive,1541200000.0,1507000000.0,34200000.0,1169640000000000.0,0.022190500908383,0.0224394724755593,0.3542817679558011
NTAP,revenue,1,2012-07-27,2012-10-26,13,drift,1541200000.0,1495150000.0,46050000.0,2120602500000000.0,0.029879314819621,0.0303324715530159,0.4770372928176796
NTAP,revenue,1,2012-07-27,2012-10-26,13,holt_damped,1541200000.0,1693205997.770198,152005997.77019787,2.31058233581134e+16,0.0986283401052412,0.0939931461139949,1.5746477669564698
NTAP,revenue,1,2012-07-27,2012-10-26,13,arima_110,1541200000.0,1502890311.3570013,38309688.642998695,1467632243923503.2,0.0248570520652729,0.0251698765309764,0.396854509423329
NTAP,revenue,1,2012-10-26,2013-01-25,14,naive,1630100000.0,1541200000.0,88900000.0,7903210000000000.0,0.0545365315011349,0.0560653359820893,0.9208764940239044
NTAP,revenue,1,2012-10-26,2013-01-25,14,seasonal_naive,1630100000.0,1565500000.0,64600000.0,4173160000000000.0,0.0396294705846267,0.0404305920640881,0.6691633466135458
NTAP,revenue,1,2012-10-26,2013-01-25,14,drift,1630100000.0,1595292307.6923077,34807692.30769229,1211575443786981.0,0.0213531024524215,0.0215835402252796,0.3605577689243026
NTAP,revenue,1,2012-10-26,2013-01-25,14,holt_damped,1630100000.0,1694005348.388698,63905348.38869786,4083893552680849.0,0.0392033300955143,0.0384496528785857,0.6619677522335237
NTAP,revenue,1,2012-10-26,2013-01-25,14,arima_110,1630100000.0,1593387601.740639,36712398.25936103,1347800185953934.8,0.0225215620264775,0.0227780607808367,0.380287790734417
NTAP,revenue,1,2013-01-25,2013-04-26,15,naive,1716500000.0,1630100000.0,86400000.0,7464960000000000.0,0.050334983979027,0.05163449471105,0.9000669692685467
NTAP,revenue,1,2013-01-25,2013-04-26,15,seasonal_naive,1716500000.0,1702500000.0,14000000.0,196000000000000.0,0.0081561316632682,0.0081895291020766,0.1458441848351812
NTAP,revenue,1,2013-01-25,2013-04-26,15,drift,1716500000.0,1686678571.4285717,29821428.571428537,889317602040814.2,0.0173733927010944,0.0175256325494023,0.3106629957586126
NTAP,revenue,1,2013-01-25,2013-04-26,15,holt_damped,1716500000.0,1668400567.241562,48099432.75843787,2313555431683486.5,0.0280218076075956,0.028419997458085,0.5010730401206416
NTAP,revenue,1,2013-01-25,2013-04-26,15,arima_110,1716500000.0,1685206057.134307,31293942.86569309,979310860081263.6,0.0182312513053848,0.0183989694230406,0.3260028276804102
NTAP,revenue,1,2013-04-26,2013-07-26,16,naive,1516200000.0,1716500000.0,200300000.0,4.012009e+16,0.1321065822450864,0.1239211804374052,2.1006082640005594
NTAP,revenue,1,2013-04-26,2013-07-26,16,seasonal_naive,1516200000.0,1444600000.0,71600000.0,5126560000000000.0,0.0472233214615486,0.0483653066738719,0.7508914213801301
NTAP,revenue,1,2013-04-26,2013-07-26,16,drift,1516200000.0,1775066666.6666667,258866666.66666675,6.701195111111115e+16,0.1707338521742954,0.1573051915169438,2.7148150737607506
NTAP,revenue,1,2013-04-26,2013-07-26,16,holt_damped,1516200000.0,1734937320.4626677,218737320.46266747,4.784601536318768e+16,0.1442667988805352,0.1345604930840258,2.2939661657973938
NTAP,revenue,1,2013-04-26,2013-07-26,16,arima_110,1516200000.0,1773773137.2973466,257573137.2973466,6.634392105719776e+16,0.1698807131627401,0.1565806932447711,2.7012494298120666
NTAP,revenue,1,2013-07-26,2013-10-25,17,naive,1549900000.0,1516200000.0,33700000.0,1135690000000000.0,0.021743338279889,0.0219823228205211,0.3306758248497485
NTAP,revenue,1,2013-07-26,2013-10-25,17,seasonal_naive,1549900000.0,1541200000.0,8700000.0,75690000000000.0,0.0056132653719594,0.0056290640872181,0.0853673494419232
NTAP,revenue,1,2013-07-26,2013-10-25,17,drift,1549900000.0,1558587500.0,8687500.0,75472656250000.0,0.0056052003355055,0.0055895351034868,0.0852446952042193
NTAP,revenue,1,2013-07-26,2013-10-25,17,holt_damped,1549900000.0,1623064666.274545,73164666.27454495,5353068391065536.0,0.0472060560517097,0.0461175424058216,0.7179165095012383
NTAP,revenue,1,2013-07-26,2013-10-25,17,arima_110,1549900000.0,1567730836.9681988,17830836.968198776,317938746986484.1,0.011504508012258,0.0114387096488554,0.1749622172765733
NTAP,revenue,1,2013-10-25,2014-01-24,18,naive,1610000000.0,1549900000.0,60100000.0,3612010000000000.0,0.0373291925465838,0.0380391784550144,0.6138917262512769
NTAP,revenue,1,2013-10-25,2014-01-24,18,seasonal_naive,1610000000.0,1630100000.0,20100000.0,404010000000000.0,0.0124844720496894,0.0124070244745532,0.205311542390194
NTAP,revenue,1,2013-10-25,2014-01-24,18,drift,1610000000.0,1591776470.5882354,18223529.41176462,332097024221450.25,0.0113189623675556,0.0113833864288574,0.1861443249414159
NTAP,revenue,1,2013-10-25,2014-01-24,18,holt_damped,1610000000.0,1581225423.417273,28774576.582726955,827976257515218.5,0.0178724078153583,0.0180335593791516,0.2939180447673846
NTAP,revenue,1,2013-10-25,2014-01-24,18,arima_110,1610000000.0,1592037775.7048228,17962224.29517722,322641501630254.8,0.0111566610529051,0.0112192457137539,0.1834752226269379
NTAP,revenue,1,2014-01-24,2014-04-25,19,naive,1649000000.0,1610000000.0,39000000.0,1521000000000000.0,0.023650697392359,0.0239337220006136,0.407098121085595
NTAP,revenue,1,2014-01-24,2014-04-25,19,seasonal_naive,1649000000.0,1716500000.0,67500000.0,4556250000000000.0,0.040933899332929,0.0401129104145,0.7045929018789144
NTAP,revenue,1,2014-01-24,2014-04-25,19,drift,1649000000.0,1652888888.8888888,3888888.888888836,15123456790123.045,0.0023583316488106,0.0023555540599656,0.0405938297378792
NTAP,revenue,1,2014-01-24,2014-04-25,19,holt_damped,1649000000.0,1588091641.351688,60908358.64831209,3709828153231415.0,0.0369365425399103,0.0376315318789548,0.6357866247214206
NTAP,revenue,1,2014-01-24,2014-04-25,19,arima_110,1649000000.0,1652318087.4131837,3318087.413183689,11009704081528.023,0.0020121815725795,0.0020101591699596,0.0346355679873036
NTAP,revenue,1,2014-04-25,2014-07-25,20,naive,1489000000.0,1649000000.0,160000000.0,2.56e+16,0.1074546675621222,0.1019757807520713,1.7239423840308494
NTAP,revenue,1,2014-04-25,2014-07-25,20,seasonal_naive,1489000000.0,1516200000.0,27200000.0,739840000000000.0,0.0182672934855607,0.0181019566085451,0.2930702052852444
NTAP,revenue,1,2014-04-25,2014-07-25,20,drift,1489000000.0,1691684210.5263157,202684210.5263157,4.108088919667586e+16,0.1361210278887278,0.1274469246934621,2.1838493818759206
NTAP,revenue,1,2014-04-25,2014-07-25,20,holt_damped,1489000000.0,1613267133.8490248,124267133.84902476,1.5442320555051438e+16,0.0834567722290293,0.0801137545462404,1.3389336186523026
NTAP,revenue,1,2014-04-25,2014-07-25,20,arima_110,1489000000.0,1691805880.976329,202805880.97632933,4.113022535858506e+16,0.1362027407497174,0.1275185525713875,2.1851603371613115
NTAP,revenue,1,2014-07-25,2014-10-24,21,naive,1543000000.0,1489000000.0,54000000.0,2916000000000000.0,0.0349967595593,0.0356200527704485,0.5615056670479359
NTAP,revenue,1,2014-07-25,2014-10-24,21,seasonal_naive,1543000000.0,1549900000.0,6900000.0,47610000000000.0,0.0044718081659105,0.0044618319376636,0.071747946345014
NTAP,revenue,1,2014-07-25,2014-10-24,21,drift,1543000000.0,1521550000.0,21450000.0,460102500000000.0,0.0139014906027219,0.0139987926449233,0.2230425288551523
NTAP,revenue,1,2014-07-25,2014-10-24,21,holt_damped,1543000000.0,1555243986.421683,12243986.421683071,149915203494359.47,0.0079351823860551,0.0079038232465508,0.1273160696857967
NTAP,revenue,1,2014-07-25,2014-10-24,21,arima_110,1543000000.0,1525779880.8139474,17220119.18605256,296532504781855.5,0.0111601550136439,0.0112227789902514,0.1790591575964704
NTAP,revenue,1,2014-10-24,2015-01-23,22,naive,1551000000.0,1543000000.0,8000000.0,64000000000000.0,0.0051579626047711,0.0051712992889463,0.0849600485485991
NTAP,revenue,1,2014-10-24,2015-01-23,22,seasonal_naive,1551000000.0,1610000000.0,59000000.0,3481000000000000.0,0.0380399742101869,0.0373299588737741,0.6265803580459189
NTAP,revenue,1,2014-10-24,2015-01-23,22,drift,1551000000.0,1576571428.5714283,25571428.571428537,653897959183671.8,0.0164870590402505,0.0163522587128305,0.2715687266107006
NTAP,revenue,1,2014-10-24,2015-01-23,22,holt_damped,1551000000.0,1537058211.345692,13941788.65430808,194373470881393.56,0.0089889030653179,0.0090294856509409,0.1480618801155404
NTAP,revenue,1,2014-10-24,2015-01-23,22,arima_110,1551000000.0,1576026448.3613582,25026448.36135817,626323117583726.9,0.0161356855972651,0.0160065472899806,0.2657810334725
